Name,Gender,Age,Address,Occupation,Has_Business,PPP_Loan_Received,Loan_Amount,Employees_Claimed
Michael Jones,Male,33,"8827 Elm St, Las Vegas, NV",Restaurant Owner,False,False,"$150,000",0
Robert Williams,Male,49,"2571 Elm St, Las Vegas, NV",Construction Worker,True,False,"$50,000",17
Jane Miller,Male,32,"7084 Charleston Blvd, Las Vegas, NV",Consultant,True,True,"$50,000",56
Sarah Davis,Male,33,"6329 Rainbow Blvd, Las Vegas, NV",Restaurant Owner,True,False,"$50,000",0
Jessica Hernandez,Male,44,"9249 Main St, Las Vegas, NV",Construction Worker,False,True,"$50,000",117
Jessica Williams,Female,32,"2342 Elm St, Las Vegas, NV",Restaurant Owner,False,True,"$150,000",40
Jessica Davis,Male,59,"3530 Rainbow Blvd, Las Vegas, NV",Consultant,False,False,"$300,000",0
Jane Jones,Male,43,"7728 Main St, Las Vegas, NV",Lawyer,False,False,"$1,000,000",67
Sarah Martinez,Female,21,"5195 Elm St, Las Vegas, NV",Doctor,False,False,None,0
Laura Smith,Male,59,"1252 Sunset Blvd, Las Vegas, NV",Lawyer,True,True,"$300,000",0
Emily Davis,Male,59,"9657 Fremont St, Las Vegas, NV",Retail Manager,False,False,"$300,000",0
Emily Miller,Male,23,"6597 Charleston Blvd, Las Vegas, NV",Consultant,True,True,"$150,000",140
Laura Williams,Male,64,"6621 Main St, Las Vegas, NV",Lawyer,True,False,None,0
Robert Smith,Female,41,"5099 Main St, Las Vegas, NV",Freelancer,True,False,"$150,000",33
Jane Miller,Male,21,"3838 Las Vegas Blvd, Las Vegas, NV",Freelancer,False,False,"$300,000",56
Emily Miller,Female,56,"9223 Main St, Las Vegas, NV",Lawyer,False,False,"$300,000",0
Michael Davis,Male,21,"3697 Elm St, Las Vegas, NV",Freelancer,True,False,"$1,000,000",105
Robert Johnson,Female,61,"5269 Sunset Blvd, Las Vegas, NV",Consultant,False,True,"$1,000,000",111
David Garcia,Male,39,"553 Main St, Las Vegas, NV",Freelancer,False,False,"$150,000",35
Jane Martinez,Female,48,"688 Rainbow Blvd, Las Vegas, NV",Restaurant Owner,True,True,"$150,000",52
Michael Hernandez,Male,35,"7111 Charleston Blvd, Las Vegas, NV",Construction Worker,False,False,"$300,000",114
Sarah Martinez,Male,40,"8421 Sunset Blvd, Las Vegas, NV",Retail Manager,True,False,"$1,000,000",49
Daniel Jones,Female,48,"2797 Main St, Las Vegas, NV",Doctor,True,False,"$300,000",19
Michael Davis,Female,55,"7362 Main St, Las Vegas, NV",Lawyer,False,False,"$50,000",44
Robert Miller,Female,40,"4725 Las Vegas Blvd, Las Vegas, NV",Restaurant Owner,True,False,"$300,000",62
David Jones,Female,38,"1076 Rainbow Blvd, Las Vegas, NV",Lawyer,False,True,"$50,000",0
Jane Williams,Male,42,"3806 Rainbow Blvd, Las Vegas, NV",Consultant,True,True,None,0
Sarah Williams,Female,30,"350 Las Vegas Blvd, Las Vegas, NV",Restaurant Owner,False,True,"$50,000",0
Robert Jones,Male,56,"359 Elm St, Las Vegas, NV",Construction Worker,True,False,None,0
Jane Miller,Female,58,"4540 Rainbow Blvd, Las Vegas, NV",Freelancer,False,False,"$300,000",0
David Hernandez,Male,37,"5482 Main St, Las Vegas, NV",Freelancer,True,False,"$1,000,000",119
Laura Johnson,Male,28,"8037 Sunset Blvd, Las Vegas, NV",Retail Manager,True,False,"$150,000",132
Robert Smith,Female,63,"5145 Rainbow Blvd, Las Vegas, NV",Restaurant Owner,True,True,None,10
Daniel Williams,Female,42,"5628 Sunset Blvd, Las Vegas, NV",Freelancer,False,True,None,145
Sarah Davis,Male,21,"1797 Elm St, Las Vegas, NV",Consultant,True,True,"$300,000",0
Robert Martinez,Female,23,"3255 Charleston Blvd, Las Vegas, NV",Restaurant Owner,True,True,"$150,000",68
Jane Garcia,Male,64,"7864 Charleston Blvd, Las Vegas, NV",Consultant,True,False,"$1,000,000",0
Michael Williams,Female,22,"3802 Main St, Las Vegas, NV",Freelancer,False,False,"$50,000",88
Jane Miller,Female,38,"7789 Elm St, Las Vegas, NV",Freelancer,False,False,None,0
Laura Garcia,Female,51,"8768 Fremont St, Las Vegas, NV",Doctor,False,False,"$1,000,000",57
David Johnson,Female,33,"4779 Elm St, Las Vegas, NV",Restaurant Owner,False,True,"$50,000",113
Jessica Davis,Female,28,"1175 Las Vegas Blvd, Las Vegas, NV",Retail Manager,False,False,"$300,000",0
Michael Jones,Male,59,"2397 Sunset Blvd, Las Vegas, NV",Freelancer,True,False,"$150,000",0
Robert Johnson,Male,62,"3411 Sunset Blvd, Las Vegas, NV",Lawyer,False,False,"$50,000",0
Sarah Hernandez,Male,60,"9064 Rainbow Blvd, Las Vegas, NV",Consultant,True,False,"$150,000",131
Emily Martinez,Female,34,"9103 Fremont St, Las Vegas, NV",Lawyer,True,True,"$300,000",0
Laura Williams,Female,36,"9490 Rainbow Blvd, Las Vegas, NV",Restaurant Owner,True,False,"$1,000,000",0
Daniel Hernandez,Female,22,"7727 Sunset Blvd, Las Vegas, NV",Lawyer,True,True,"$1,000,000",74
Robert Davis,Male,62,"3763 Las Vegas Blvd, Las Vegas, NV",Retail Manager,False,True,"$1,000,000",0
Laura Miller,Female,40,"9914 Main St, Las Vegas, NV",Lawyer,False,True,None,134
Jane Brown,Male,64,"3631 Fremont St, Las Vegas, NV",Construction Worker,False,True,"$1,000,000",0
Emily Garcia,Female,44,"258 Elm St, Las Vegas, NV",Restaurant Owner,False,True,None,0
Emily Miller,Female,34,"1070 Main St, Las Vegas, NV",Freelancer,True,True,"$300,000",150
Emily Hernandez,Female,41,"2035 Sunset Blvd, Las Vegas, NV",Lawyer,False,False,"$150,000",51
David Davis,Male,52,"4477 Las Vegas Blvd, Las Vegas, NV",Construction Worker,True,False,"$50,000",0
Michael Brown,Female,62,"7398 Rainbow Blvd, Las Vegas, NV",Doctor,False,False,"$300,000",121
Laura Hernandez,Male,29,"344 Las Vegas Blvd, Las Vegas, NV",Doctor,False,True,None,0
Jessica Hernandez,Male,65,"1005 Sunset Blvd, Las Vegas, NV",Lawyer,False,True,"$300,000",120
Laura Hernandez,Male,34,"3038 Elm St, Las Vegas, NV",Doctor,False,False,None,54
Michael Davis,Female,27,"2614 Main St, Las Vegas, NV",Construction Worker,False,True,None,0
Jessica Hernandez,Female,63,"3634 Elm St, Las Vegas, NV",Consultant,True,False,"$50,000",0
Jane Miller,Male,54,"6710 Fremont St, Las Vegas, NV",Restaurant Owner,True,True,"$300,000",0
Laura Hernandez,Female,41,"5307 Elm St, Las Vegas, NV",Freelancer,False,False,"$50,000",0
Laura Miller,Female,38,"3398 Las Vegas Blvd, Las Vegas, NV",Construction Worker,True,False,"$50,000",0
Jessica Davis,Female,53,"1996 Main St, Las Vegas, NV",Retail Manager,False,False,"$300,000",0
Jane Martinez,Female,25,"6682 Fremont St, Las Vegas, NV",Doctor,True,True,"$50,000",0
Jane Miller,Female,37,"5893 Charleston Blvd, Las Vegas, NV",Consultant,False,False,None,0
Jane Garcia,Female,65,"6064 Sunset Blvd, Las Vegas, NV",Retail Manager,False,True,"$1,000,000",71
Michael Jones,Female,44,"8590 Las Vegas Blvd, Las Vegas, NV",Doctor,False,True,"$150,000",67
Jane Davis,Male,23,"6553 Elm St, Las Vegas, NV",Consultant,False,True,"$150,000",55
Daniel Davis,Male,42,"4618 Main St, Las Vegas, NV",Consultant,False,True,"$50,000",148
Jessica Johnson,Male,33,"9130 Las Vegas Blvd, Las Vegas, NV",Restaurant Owner,True,True,"$300,000",70
Robert Smith,Female,41,"2990 Fremont St, Las Vegas, NV",Consultant,True,False,"$300,000",71
David Brown,Female,52,"3195 Main St, Las Vegas, NV",Restaurant Owner,False,True,"$300,000",94
Emily Garcia,Male,50,"1914 Elm St, Las Vegas, NV",Freelancer,False,True,"$50,000",118
Laura Jones,Male,23,"5938 Charleston Blvd, Las Vegas, NV",Freelancer,True,False,"$1,000,000",10
Jane Garcia,Female,45,"2488 Elm St, Las Vegas, NV",Freelancer,False,False,"$150,000",6
Laura Williams,Female,21,"2321 Charleston Blvd, Las Vegas, NV",Freelancer,True,False,None,18
Emily Garcia,Male,53,"6580 Elm St, Las Vegas, NV",Lawyer,True,True,"$50,000",0
Sarah Johnson,Female,38,"992 Las Vegas Blvd, Las Vegas, NV",Restaurant Owner,True,True,"$150,000",14
Daniel Martinez,Male,50,"3228 Fremont St, Las Vegas, NV",Freelancer,True,True,"$50,000",61
David Johnson,Male,39,"1641 Elm St, Las Vegas, NV",Restaurant Owner,False,True,"$300,000",0
John Garcia,Female,52,"1597 Rainbow Blvd, Las Vegas, NV",Construction Worker,False,True,None,145
Daniel Miller,Female,53,"6426 Rainbow Blvd, Las Vegas, NV",Consultant,False,False,"$50,000",26
Daniel Johnson,Female,35,"8906 Fremont St, Las Vegas, NV",Retail Manager,False,False,"$50,000",139
Robert Hernandez,Female,52,"6258 Rainbow Blvd, Las Vegas, NV",Retail Manager,True,True,"$300,000",17
Emily Jones,Male,46,"1664 Charleston Blvd, Las Vegas, NV",Consultant,False,True,"$50,000",77
Daniel Smith,Female,56,"6558 Rainbow Blvd, Las Vegas, NV",Restaurant Owner,False,False,"$300,000",95
Jane Miller,Male,34,"9875 Las Vegas Blvd, Las Vegas, NV",Freelancer,False,False,"$1,000,000",0
Jessica Hernandez,Female,47,"5089 Rainbow Blvd, Las Vegas, NV",Freelancer,False,True,"$50,000",0
John Jones,Female,34,"2215 Charleston Blvd, Las Vegas, NV",Construction Worker,False,False,"$1,000,000",0
Sarah Garcia,Male,46,"9781 Elm St, Las Vegas, NV",Doctor,True,False,None,0
Daniel Miller,Female,60,"2988 Fremont St, Las Vegas, NV",Restaurant Owner,False,False,"$50,000",0
Laura Hernandez,Female,24,"2109 Elm St, Las Vegas, NV",Restaurant Owner,False,False,"$150,000",84
Jessica Brown,Male,34,"8514 Elm St, Las Vegas, NV",Retail Manager,True,False,None,104
Michael Garcia,Male,44,"7842 Fremont St, Las Vegas, NV",Doctor,True,True,"$150,000",0
Robert Smith,Male,44,"1590 Sunset Blvd, Las Vegas, NV",Construction Worker,True,False,"$150,000",1
John Martinez,Male,54,"728 Sunset Blvd, Las Vegas, NV",Restaurant Owner,True,False,None,0
David Martinez,Female,63,"5474 Las Vegas Blvd, Las Vegas, NV",Construction Worker,False,False,"$1,000,000",25
David Garcia,Male,40,"9277 Fremont St, Las Vegas, NV",Doctor,False,False,"$1,000,000",15
Michael Johnson,Male,48,"4690 Charleston Blvd, Las Vegas, NV",Consultant,False,True,"$50,000",118
Emily Johnson,Male,43,"5135 Sunset Blvd, Las Vegas, NV",Lawyer,False,True,"$300,000",0
Laura Smith,Male,57,"8303 Las Vegas Blvd, Las Vegas, NV",Lawyer,True,False,None,0
Sarah Williams,Female,53,"1330 Charleston Blvd, Las Vegas, NV",Doctor,False,True,"$50,000",0
Laura Garcia,Female,37,"8470 Sunset Blvd, Las Vegas, NV",Retail Manager,False,True,"$50,000",0
Michael Johnson,Female,37,"6944 Main St, Las Vegas, NV",Doctor,True,True,"$300,000",0
Robert Hernandez,Female,46,"8448 Sunset Blvd, Las Vegas, NV",Lawyer,False,False,"$50,000",114
Emily Brown,Male,57,"4804 Elm St, Las Vegas, NV",Freelancer,False,False,None,86
Jane Smith,Female,22,"6475 Main St, Las Vegas, NV",Consultant,True,True,"$1,000,000",0
Jane Jones,Male,28,"508 Fremont St, Las Vegas, NV",Retail Manager,False,False,"$50,000",0
Laura Brown,Male,36,"4277 Elm St, Las Vegas, NV",Doctor,True,True,"$150,000",67
Emily Johnson,Female,48,"6736 Charleston Blvd, Las Vegas, NV",Restaurant Owner,True,True,"$150,000",58
Jane Brown,Male,36,"1780 Fremont St, Las Vegas, NV",Retail Manager,False,True,"$1,000,000",21
Laura Brown,Female,45,"5614 Elm St, Las Vegas, NV",Doctor,False,False,"$1,000,000",0
Daniel Brown,Female,57,"3670 Fremont St, Las Vegas, NV",Doctor,True,False,"$1,000,000",114
Laura Brown,Female,47,"7354 Main St, Las Vegas, NV",Doctor,False,False,"$50,000",0
Laura Jones,Male,58,"4595 Main St, Las Vegas, NV",Consultant,True,False,None,146
Daniel Brown,Male,27,"9154 Fremont St, Las Vegas, NV",Restaurant Owner,False,False,None,147
Michael Johnson,Female,35,"7562 Charleston Blvd, Las Vegas, NV",Retail Manager,True,False,"$300,000",96
David Martinez,Female,59,"5319 Charleston Blvd, Las Vegas, NV",Construction Worker,False,False,"$1,000,000",101
Sarah Johnson,Male,35,"5058 Sunset Blvd, Las Vegas, NV",Consultant,True,False,None,6
Robert Williams,Male,30,"1251 Fremont St, Las Vegas, NV",Freelancer,True,True,None,0
Robert Jones,Male,28,"7410 Main St, Las Vegas, NV",Consultant,True,True,"$300,000",0
Michael Davis,Female,33,"2754 Elm St, Las Vegas, NV",Consultant,False,False,None,60
Michael Johnson,Female,35,"1857 Sunset Blvd, Las Vegas, NV",Freelancer,True,False,"$150,000",28
Michael Garcia,Female,21,"2012 Sunset Blvd, Las Vegas, NV",Retail Manager,False,True,None,0
Michael Davis,Female,25,"1529 Fremont St, Las Vegas, NV",Lawyer,True,False,"$50,000",0
John Garcia,Male,38,"600 Sunset Blvd, Las Vegas, NV",Consultant,True,False,"$300,000",0
Daniel Smith,Female,41,"7263 Charleston Blvd, Las Vegas, NV",Freelancer,True,True,"$300,000",81
David Jones,Male,63,"8557 Rainbow Blvd, Las Vegas, NV",Construction Worker,True,False,None,91
Sarah Davis,Male,24,"6220 Las Vegas Blvd, Las Vegas, NV",Freelancer,False,False,"$150,000",0
Robert Smith,Female,39,"3567 Elm St, Las Vegas, NV",Doctor,False,True,"$1,000,000",0
Laura Hernandez,Female,41,"5963 Fremont St, Las Vegas, NV",Restaurant Owner,False,False,None,137
Michael Williams,Male,58,"9565 Charleston Blvd, Las Vegas, NV",Freelancer,True,True,"$300,000",0
Jane Hernandez,Male,25,"6467 Elm St, Las Vegas, NV",Lawyer,False,True,"$150,000",133
Emily Davis,Female,36,"6466 Fremont St, Las Vegas, NV",Lawyer,False,False,"$300,000",95
David Williams,Female,57,"9446 Fremont St, Las Vegas, NV",Construction Worker,False,False,"$150,000",0
Emily Hernandez,Female,58,"9484 Las Vegas Blvd, Las Vegas, NV",Doctor,False,True,"$150,000",89
Jane Hernandez,Female,33,"7621 Fremont St, Las Vegas, NV",Lawyer,True,True,None,0
David Garcia,Male,34,"1437 Main St, Las Vegas, NV",Retail Manager,False,False,"$50,000",69
Jessica Miller,Female,32,"336 Fremont St, Las Vegas, NV",Freelancer,True,True,"$150,000",0
John Williams,Female,40,"6972 Charleston Blvd, Las Vegas, NV",Freelancer,False,False,"$300,000",104
Sarah Davis,Male,33,"7659 Las Vegas Blvd, Las Vegas, NV",Freelancer,False,False,None,1
Robert Williams,Female,46,"1775 Sunset Blvd, Las Vegas, NV",Consultant,False,True,None,49
Jane Smith,Female,24,"7034 Fremont St, Las Vegas, NV",Retail Manager,False,False,"$300,000",62
Laura Williams,Female,35,"5600 Rainbow Blvd, Las Vegas, NV",Consultant,False,False,"$50,000",0
Daniel Hernandez,Male,42,"8072 Charleston Blvd, Las Vegas, NV",Consultant,False,False,"$300,000",0
Jessica Davis,Male,26,"2623 Rainbow Blvd, Las Vegas, NV",Doctor,True,False,"$50,000",0
Robert Garcia,Female,36,"2044 Charleston Blvd, Las Vegas, NV",Construction Worker,False,True,"$1,000,000",12
Jessica Miller,Female,34,"2261 Rainbow Blvd, Las Vegas, NV",Lawyer,False,False,"$50,000",0
John Brown,Male,46,"7891 Charleston Blvd, Las Vegas, NV",Construction Worker,False,False,"$150,000",128
John Martinez,Male,49,"5455 Fremont St, Las Vegas, NV",Consultant,False,False,"$150,000",60
David Hernandez,Male,45,"7396 Main St, Las Vegas, NV",Retail Manager,True,True,"$300,000",74
Emily Williams,Male,21,"5644 Rainbow Blvd, Las Vegas, NV",Freelancer,True,True,"$50,000",120
Jane Smith,Female,31,"2060 Las Vegas Blvd, Las Vegas, NV",Retail Manager,False,True,"$150,000",0
Daniel Johnson,Male,33,"4018 Fremont St, Las Vegas, NV",Retail Manager,True,False,"$150,000",47
John Martinez,Male,32,"1777 Rainbow Blvd, Las Vegas, NV",Retail Manager,True,False,"$1,000,000",149
David Davis,Female,40,"2945 Rainbow Blvd, Las Vegas, NV",Lawyer,True,True,"$300,000",0
Robert Miller,Female,42,"8236 Elm St, Las Vegas, NV",Restaurant Owner,True,True,"$50,000",0
Emily Johnson,Female,28,"4937 Elm St, Las Vegas, NV",Construction Worker,True,True,"$300,000",0
Michael Davis,Male,41,"7409 Las Vegas Blvd, Las Vegas, NV",Doctor,True,False,"$300,000",0
Jane Garcia,Female,33,"8945 Fremont St, Las Vegas, NV",Consultant,True,False,"$50,000",0
Robert Davis,Male,47,"257 Elm St, Las Vegas, NV",Freelancer,True,True,None,0
Emily Jones,Female,27,"4278 Rainbow Blvd, Las Vegas, NV",Consultant,True,False,None,70
Emily Hernandez,Female,64,"1619 Charleston Blvd, Las Vegas, NV",Restaurant Owner,True,False,"$1,000,000",14
Daniel Miller,Male,59,"6481 Main St, Las Vegas, NV",Retail Manager,True,True,None,0
Laura Williams,Male,52,"6929 Charleston Blvd, Las Vegas, NV",Freelancer,True,True,"$50,000",10
John Davis,Female,32,"6465 Rainbow Blvd, Las Vegas, NV",Lawyer,False,False,"$300,000",82
Laura Hernandez,Female,59,"1021 Charleston Blvd, Las Vegas, NV",Lawyer,False,False,None,47
David Smith,Female,33,"7423 Sunset Blvd, Las Vegas, NV",Consultant,True,False,"$1,000,000",0
Laura Martinez,Male,25,"5604 Elm St, Las Vegas, NV",Freelancer,False,True,None,147
Jane Davis,Male,45,"9211 Sunset Blvd, Las Vegas, NV",Restaurant Owner,False,True,"$50,000",0
Jane Martinez,Female,23,"9819 Sunset Blvd, Las Vegas, NV",Doctor,True,False,"$50,000",0
Jane Johnson,Male,43,"4785 Rainbow Blvd, Las Vegas, NV",Consultant,True,False,None,0
Laura Johnson,Male,48,"6970 Main St, Las Vegas, NV",Lawyer,False,False,"$1,000,000",0
Sarah Garcia,Female,44,"6214 Sunset Blvd, Las Vegas, NV",Freelancer,False,True,"$300,000",0
Jane Brown,Female,45,"6356 Charleston Blvd, Las Vegas, NV",Retail Manager,False,True,"$300,000",148
John Miller,Female,36,"4341 Charleston Blvd, Las Vegas, NV",Freelancer,True,False,None,0
Sarah Smith,Female,21,"6817 Elm St, Las Vegas, NV",Restaurant Owner,False,False,"$150,000",117
John Garcia,Male,40,"9147 Rainbow Blvd, Las Vegas, NV",Retail Manager,False,False,"$150,000",0
John Brown,Male,60,"2868 Fremont St, Las Vegas, NV",Construction Worker,True,False,None,0
Michael Smith,Female,46,"3978 Fremont St, Las Vegas, NV",Consultant,False,False,"$150,000",0
Jessica Johnson,Male,52,"8388 Main St, Las Vegas, NV",Doctor,False,False,"$300,000",0
David Davis,Female,64,"8181 Las Vegas Blvd, Las Vegas, NV",Restaurant Owner,False,True,"$150,000",128
Laura Johnson,Male,62,"2400 Main St, Las Vegas, NV",Doctor,True,True,"$300,000",55
Jane Smith,Male,34,"9626 Charleston Blvd, Las Vegas, NV",Consultant,True,True,None,43
John Johnson,Male,44,"2185 Charleston Blvd, Las Vegas, NV",Restaurant Owner,False,False,"$150,000",13
John Martinez,Female,37,"3224 Rainbow Blvd, Las Vegas, NV",Freelancer,True,True,"$150,000",0
Jane Jones,Female,22,"6868 Sunset Blvd, Las Vegas, NV",Construction Worker,True,False,"$50,000",0
Sarah Davis,Male,34,"4093 Las Vegas Blvd, Las Vegas, NV",Construction Worker,False,False,"$150,000",0
Jessica Hernandez,Female,40,"6471 Elm St, Las Vegas, NV",Restaurant Owner,False,False,"$1,000,000",113
Emily Johnson,Female,25,"5963 Elm St, Las Vegas, NV",Retail Manager,True,True,"$300,000",145
David Hernandez,Female,36,"6241 Sunset Blvd, Las Vegas, NV",Freelancer,True,True,"$1,000,000",28
Sarah Smith,Male,21,"5867 Sunset Blvd, Las Vegas, NV",Consultant,True,True,"$300,000",0
Jessica Hernandez,Male,32,"3180 Fremont St, Las Vegas, NV",Lawyer,True,True,None,0
Daniel Johnson,Male,21,"4110 Rainbow Blvd, Las Vegas, NV",Doctor,False,True,"$1,000,000",0
Michael Williams,Female,44,"6725 Las Vegas Blvd, Las Vegas, NV",Consultant,True,False,"$150,000",0
Daniel Smith,Male,55,"1672 Las Vegas Blvd, Las Vegas, NV",Freelancer,False,True,"$150,000",123
Sarah Smith,Male,26,"2515 Sunset Blvd, Las Vegas, NV",Consultant,False,False,"$1,000,000",57
Sarah Brown,Female,26,"6123 Las Vegas Blvd, Las Vegas, NV",Freelancer,True,False,"$1,000,000",0
Emily Davis,Female,45,"6107 Rainbow Blvd, Las Vegas, NV",Construction Worker,False,False,"$1,000,000",12
Daniel Davis,Female,52,"6261 Rainbow Blvd, Las Vegas, NV",Restaurant Owner,False,True,None,0
David Garcia,Female,32,"7986 Sunset Blvd, Las Vegas, NV",Freelancer,False,True,None,69
Jessica Brown,Male,32,"1448 Main St, Las Vegas, NV",Freelancer,False,True,None,37
Laura Williams,Female,60,"4233 Main St, Las Vegas, NV",Doctor,True,False,"$50,000",60
David Martinez,Female,57,"6491 Rainbow Blvd, Las Vegas, NV",Consultant,False,False,"$1,000,000",78
Sarah Williams,Male,40,"7049 Charleston Blvd, Las Vegas, NV",Doctor,False,False,"$150,000",0
John Brown,Male,64,"3870 Fremont St, Las Vegas, NV",Construction Worker,False,False,"$50,000",111
Sarah Jones,Female,39,"5334 Main St, Las Vegas, NV",Lawyer,True,True,"$1,000,000",8
Michael Hernandez,Male,27,"6604 Elm St, Las Vegas, NV",Consultant,True,True,"$150,000",0
Sarah Jones,Male,57,"4954 Rainbow Blvd, Las Vegas, NV",Doctor,True,False,"$1,000,000",59
Michael Smith,Female,43,"7945 Las Vegas Blvd, Las Vegas, NV",Doctor,False,True,"$1,000,000",0
Emily Miller,Female,21,"7140 Elm St, Las Vegas, NV",Construction Worker,True,False,None,55
Sarah Johnson,Female,64,"1856 Sunset Blvd, Las Vegas, NV",Freelancer,False,False,None,0
Emily Johnson,Male,63,"975 Las Vegas Blvd, Las Vegas, NV",Consultant,True,True,"$1,000,000",0
David Miller,Male,47,"8372 Sunset Blvd, Las Vegas, NV",Lawyer,True,True,None,70
Daniel Hernandez,Male,37,"7686 Charleston Blvd, Las Vegas, NV",Doctor,True,True,"$150,000",86
Jessica Jones,Female,47,"580 Charleston Blvd, Las Vegas, NV",Consultant,True,True,"$300,000",27
Michael Johnson,Female,56,"5840 Las Vegas Blvd, Las Vegas, NV",Construction Worker,False,True,"$50,000",0
Emily Garcia,Female,64,"7832 Fremont St, Las Vegas, NV",Construction Worker,True,True,None,43
Jane Hernandez,Female,49,"7008 Fremont St, Las Vegas, NV",Doctor,True,False,"$300,000",0
Emily Hernandez,Female,46,"6203 Sunset Blvd, Las Vegas, NV",Freelancer,True,True,None,43
John Miller,Female,64,"2924 Charleston Blvd, Las Vegas, NV",Consultant,False,True,"$1,000,000",22
David Martinez,Male,22,"6749 Las Vegas Blvd, Las Vegas, NV",Construction Worker,True,False,"$150,000",117
Emily Hernandez,Female,37,"807 Sunset Blvd, Las Vegas, NV",Doctor,False,False,"$150,000",0
David Williams,Female,25,"1919 Las Vegas Blvd, Las Vegas, NV",Restaurant Owner,True,False,"$300,000",59
Jessica Jones,Male,22,"8045 Rainbow Blvd, Las Vegas, NV",Restaurant Owner,True,False,"$1,000,000",47
Laura Davis,Female,29,"1321 Main St, Las Vegas, NV",Retail Manager,False,False,"$50,000",19
Jessica Martinez,Male,63,"7041 Fremont St, Las Vegas, NV",Construction Worker,True,True,"$300,000",0
Jessica Hernandez,Female,53,"2683 Charleston Blvd, Las Vegas, NV",Retail Manager,False,False,"$300,000",74
Jane Jones,Male,38,"6720 Rainbow Blvd, Las Vegas, NV",Consultant,True,False,None,7
Emily Davis,Female,52,"4501 Rainbow Blvd, Las Vegas, NV",Retail Manager,False,False,None,66
Daniel Martinez,Male,22,"4076 Elm St, Las Vegas, NV",Retail Manager,True,True,"$300,000",0
David Garcia,Female,49,"3298 Rainbow Blvd, Las Vegas, NV",Restaurant Owner,False,False,"$1,000,000",0
Sarah Garcia,Male,49,"2865 Las Vegas Blvd, Las Vegas, NV",Construction Worker,False,False,None,14
Laura Johnson,Male,40,"9018 Rainbow Blvd, Las Vegas, NV",Lawyer,True,True,"$50,000",0
Laura Davis,Female,28,"6294 Rainbow Blvd, Las Vegas, NV",Retail Manager,True,False,"$50,000",0
Emily Garcia,Male,65,"1641 Elm St, Las Vegas, NV",Doctor,False,True,"$150,000",4
Sarah Garcia,Male,35,"7612 Sunset Blvd, Las Vegas, NV",Lawyer,False,True,"$1,000,000",63
Laura Jones,Female,23,"1702 Charleston Blvd, Las Vegas, NV",Retail Manager,True,False,"$300,000",17
Emily Williams,Male,32,"1133 Las Vegas Blvd, Las Vegas, NV",Restaurant Owner,True,False,"$150,000",0
Sarah Brown,Female,26,"5177 Sunset Blvd, Las Vegas, NV",Doctor,True,False,"$150,000",93
Sarah Davis,Male,28,"7379 Charleston Blvd, Las Vegas, NV",Restaurant Owner,False,False,"$50,000",0
Emily Smith,Female,62,"9094 Sunset Blvd, Las Vegas, NV",Lawyer,True,False,"$150,000",110
David Miller,Female,40,"2520 Rainbow Blvd, Las Vegas, NV",Construction Worker,True,False,None,0
David Miller,Female,36,"7506 Rainbow Blvd, Las Vegas, NV",Retail Manager,True,False,"$50,000",0
Robert Hernandez,Male,53,"6907 Fremont St, Las Vegas, NV",Restaurant Owner,False,True,"$150,000",90
John Martinez,Male,32,"207 Main St, Las Vegas, NV",Consultant,True,True,"$50,000",1
Jane Johnson,Female,64,"9801 Sunset Blvd, Las Vegas, NV",Construction Worker,False,False,"$50,000",0
Robert Brown,Male,50,"1345 Elm St, Las Vegas, NV",Doctor,True,False,"$1,000,000",134
Laura Jones,Female,34,"8240 Elm St, Las Vegas, NV",Restaurant Owner,True,False,"$150,000",0
John Hernandez,Male,25,"8383 Las Vegas Blvd, Las Vegas, NV",Freelancer,True,True,None,0
Sarah Martinez,Female,62,"5702 Sunset Blvd, Las Vegas, NV",Doctor,True,True,"$300,000",0
Emily Davis,Female,33,"1005 Main St, Las Vegas, NV",Lawyer,True,True,"$300,000",58
Robert Jones,Female,23,"593 Elm St, Las Vegas, NV",Lawyer,True,True,"$50,000",91
Michael Martinez,Female,56,"8816 Elm St, Las Vegas, NV",Restaurant Owner,True,False,"$1,000,000",16
Emily Miller,Female,59,"6008 Charleston Blvd, Las Vegas, NV",Lawyer,False,True,"$150,000",0
Daniel Williams,Male,33,"9906 Sunset Blvd, Las Vegas, NV",Construction Worker,False,True,"$300,000",0
Sarah Miller,Female,40,"4415 Charleston Blvd, Las Vegas, NV",Doctor,False,False,"$1,000,000",125
Michael Martinez,Male,58,"1272 Main St, Las Vegas, NV",Consultant,False,False,None,103
John Williams,Male,47,"1746 Rainbow Blvd, Las Vegas, NV",Doctor,True,True,"$300,000",0
Sarah Smith,Female,26,"3521 Las Vegas Blvd, Las Vegas, NV",Construction Worker,True,False,"$300,000",120
Laura Martinez,Female,36,"2258 Rainbow Blvd, Las Vegas, NV",Lawyer,False,False,"$300,000",0
Jessica Hernandez,Male,56,"8680 Fremont St, Las Vegas, NV",Retail Manager,False,True,"$50,000",49
Daniel Williams,Male,63,"3276 Las Vegas Blvd, Las Vegas, NV",Doctor,True,False,"$50,000",97
Daniel Williams,Male,44,"7462 Rainbow Blvd, Las Vegas, NV",Restaurant Owner,False,True,"$50,000",0
Emily Williams,Female,36,"3762 Elm St, Las Vegas, NV",Restaurant Owner,True,False,"$150,000",14
Emily Garcia,Male,45,"7830 Fremont St, Las Vegas, NV",Restaurant Owner,True,False,None,34
Laura Davis,Male,55,"3084 Charleston Blvd, Las Vegas, NV",Retail Manager,True,True,"$150,000",29
Emily Jones,Female,36,"3620 Elm St, Las Vegas, NV",Lawyer,True,False,"$1,000,000",22
Daniel Martinez,Male,27,"7497 Las Vegas Blvd, Las Vegas, NV",Freelancer,True,True,"$1,000,000",0
Robert Hernandez,Female,26,"1302 Fremont St, Las Vegas, NV",Doctor,True,True,"$1,000,000",0
Sarah Hernandez,Male,41,"3534 Las Vegas Blvd, Las Vegas, NV",Restaurant Owner,True,False,"$150,000",0
Sarah Martinez,Male,27,"4216 Elm St, Las Vegas, NV",Retail Manager,True,True,None,44
Laura Martinez,Male,61,"4250 Main St, Las Vegas, NV",Freelancer,False,False,"$1,000,000",4
David Williams,Female,55,"8139 Charleston Blvd, Las Vegas, NV",Restaurant Owner,True,False,"$50,000",0
Jane Davis,Female,27,"4132 Main St, Las Vegas, NV",Construction Worker,False,False,"$150,000",0
David Jones,Female,53,"7071 Main St, Las Vegas, NV",Lawyer,True,True,"$1,000,000",90
Daniel Martinez,Male,41,"6564 Sunset Blvd, Las Vegas, NV",Doctor,False,True,"$50,000",131
John Williams,Female,62,"8743 Fremont St, Las Vegas, NV",Consultant,True,True,"$300,000",0
Michael Martinez,Male,42,"9095 Charleston Blvd, Las Vegas, NV",Freelancer,False,True,"$150,000",0
Emily Jones,Male,54,"9354 Las Vegas Blvd, Las Vegas, NV",Restaurant Owner,False,False,None,69
Robert Jones,Male,48,"3851 Sunset Blvd, Las Vegas, NV",Freelancer,False,False,"$300,000",31
Daniel Hernandez,Female,41,"495 Fremont St, Las Vegas, NV",Construction Worker,True,False,"$1,000,000",56
Sarah Martinez,Female,34,"6332 Elm St, Las Vegas, NV",Retail Manager,False,True,"$1,000,000",78
John Smith,Female,36,"283 Main St, Las Vegas, NV",Freelancer,False,False,"$1,000,000",0
John Hernandez,Male,21,"4224 Fremont St, Las Vegas, NV",Restaurant Owner,False,True,"$300,000",103
Michael Smith,Male,35,"7595 Rainbow Blvd, Las Vegas, NV",Restaurant Owner,False,True,"$1,000,000",136
David Martinez,Female,33,"7479 Fremont St, Las Vegas, NV",Retail Manager,False,True,"$1,000,000",38
Daniel Williams,Female,52,"5127 Rainbow Blvd, Las Vegas, NV",Construction Worker,True,True,"$50,000",0
Sarah Martinez,Male,32,"5166 Charleston Blvd, Las Vegas, NV",Lawyer,False,True,"$1,000,000",77
Emily Williams,Female,58,"5338 Rainbow Blvd, Las Vegas, NV",Freelancer,False,False,None,120
Jane Johnson,Male,36,"5841 Main St, Las Vegas, NV",Construction Worker,False,True,"$50,000",0
Jessica Hernandez,Female,36,"760 Fremont St, Las Vegas, NV",Freelancer,False,True,"$1,000,000",125
Jane Williams,Male,53,"7057 Rainbow Blvd, Las Vegas, NV",Freelancer,True,True,"$300,000",105
Daniel Hernandez,Male,58,"5274 Charleston Blvd, Las Vegas, NV",Restaurant Owner,True,False,None,82
Michael Hernandez,Female,58,"3811 Las Vegas Blvd, Las Vegas, NV",Doctor,True,True,None,114
John Johnson,Male,35,"2252 Elm St, Las Vegas, NV",Doctor,False,False,"$300,000",133
Michael Brown,Female,65,"3654 Elm St, Las Vegas, NV",Retail Manager,False,False,"$300,000",88
Jessica Hernandez,Male,27,"3161 Las Vegas Blvd, Las Vegas, NV",Restaurant Owner,False,True,"$1,000,000",58
Jessica Jones,Male,27,"5392 Las Vegas Blvd, Las Vegas, NV",Freelancer,False,False,"$1,000,000",98
Jessica Smith,Female,24,"7988 Fremont St, Las Vegas, NV",Freelancer,False,False,None,0
Jane Hernandez,Female,39,"3074 Charleston Blvd, Las Vegas, NV",Freelancer,True,False,"$300,000",0
Michael Davis,Female,43,"3631 Main St, Las Vegas, NV",Doctor,False,False,"$1,000,000",0
Robert Garcia,Male,37,"2718 Sunset Blvd, Las Vegas, NV",Freelancer,False,True,"$300,000",0
John Jones,Female,55,"4265 Las Vegas Blvd, Las Vegas, NV",Doctor,True,True,"$150,000",0
David Hernandez,Female,35,"2971 Las Vegas Blvd, Las Vegas, NV",Consultant,False,True,"$300,000",144
Emily Johnson,Female,44,"4129 Fremont St, Las Vegas, NV",Lawyer,True,False,"$150,000",22
Jane Williams,Male,51,"9500 Main St, Las Vegas, NV",Freelancer,True,False,"$50,000",0
Michael Davis,Female,61,"2146 Rainbow Blvd, Las Vegas, NV",Construction Worker,False,True,"$1,000,000",0
Robert Hernandez,Male,43,"9101 Elm St, Las Vegas, NV",Doctor,True,False,None,0
Emily Davis,Male,30,"2191 Fremont St, Las Vegas, NV",Doctor,False,True,"$50,000",130
Daniel Williams,Female,25,"9339 Main St, Las Vegas, NV",Doctor,True,False,"$50,000",74
Jane Davis,Male,36,"6512 Fremont St, Las Vegas, NV",Lawyer,False,True,"$150,000",120
Robert Davis,Female,61,"9734 Rainbow Blvd, Las Vegas, NV",Restaurant Owner,False,False,"$150,000",140
Sarah Martinez,Male,61,"9604 Las Vegas Blvd, Las Vegas, NV",Restaurant Owner,False,True,None,0
Emily Garcia,Male,65,"8227 Fremont St, Las Vegas, NV",Consultant,False,False,"$1,000,000",0
Michael Brown,Male,37,"8231 Fremont St, Las Vegas, NV",Freelancer,True,False,"$150,000",19
Jessica Hernandez,Male,65,"4135 Fremont St, Las Vegas, NV",Construction Worker,True,True,"$1,000,000",0
Jessica Williams,Female,63,"7891 Main St, Las Vegas, NV",Restaurant Owner,False,False,"$1,000,000",0
Laura Miller,Female,64,"3187 Rainbow Blvd, Las Vegas, NV",Retail Manager,False,True,"$1,000,000",78
Sarah Williams,Female,55,"6833 Sunset Blvd, Las Vegas, NV",Retail Manager,False,False,None,0
Jane Johnson,Male,24,"1883 Las Vegas Blvd, Las Vegas, NV",Construction Worker,False,False,"$50,000",0
David Johnson,Male,51,"1719 Fremont St, Las Vegas, NV",Doctor,False,False,"$150,000",90
Michael Hernandez,Male,53,"4858 Las Vegas Blvd, Las Vegas, NV",Doctor,True,False,None,0
Jessica Jones,Male,21,"2309 Fremont St, Las Vegas, NV",Retail Manager,False,True,"$1,000,000",19
Jane Davis,Female,54,"3635 Rainbow Blvd, Las Vegas, NV",Doctor,True,True,"$300,000",0
Robert Brown,Male,42,"9911 Rainbow Blvd, Las Vegas, NV",Construction Worker,False,False,"$150,000",0
John Brown,Female,37,"9707 Las Vegas Blvd, Las Vegas, NV",Freelancer,False,False,"$150,000",112
Jane Martinez,Female,61,"4947 Sunset Blvd, Las Vegas, NV",Restaurant Owner,False,False,"$50,000",105
Jane Garcia,Female,28,"1377 Elm St, Las Vegas, NV",Construction Worker,True,False,None,0
Michael Williams,Female,39,"5480 Charleston Blvd, Las Vegas, NV",Lawyer,False,False,"$150,000",0
Michael Davis,Female,64,"5118 Main St, Las Vegas, NV",Consultant,True,False,"$1,000,000",145
Daniel Brown,Male,60,"5322 Las Vegas Blvd, Las Vegas, NV",Doctor,True,True,None,0
Sarah Williams,Male,60,"1735 Elm St, Las Vegas, NV",Retail Manager,True,True,"$150,000",85
Robert Brown,Female,52,"5965 Elm St, Las Vegas, NV",Restaurant Owner,False,False,"$150,000",0
David Martinez,Female,60,"9850 Las Vegas Blvd, Las Vegas, NV",Consultant,False,True,None,0
Daniel Miller,Female,38,"8596 Las Vegas Blvd, Las Vegas, NV",Freelancer,False,True,"$1,000,000",0
Emily Jones,Male,62,"565 Las Vegas Blvd, Las Vegas, NV",Doctor,True,True,"$50,000",23
Emily Brown,Female,47,"9400 Sunset Blvd, Las Vegas, NV",Freelancer,True,True,"$50,000",24
Sarah Brown,Male,22,"4143 Charleston Blvd, Las Vegas, NV",Lawyer,True,True,None,0
Sarah Jones,Male,54,"1411 Charleston Blvd, Las Vegas, NV",Construction Worker,False,False,"$150,000",147
Sarah Jones,Male,37,"116 Rainbow Blvd, Las Vegas, NV",Retail Manager,True,False,None,41
Daniel Williams,Male,37,"3470 Elm St, Las Vegas, NV",Doctor,True,False,"$150,000",55
Jane Jones,Female,65,"389 Sunset Blvd, Las Vegas, NV",Construction Worker,True,True,"$1,000,000",89
Daniel Davis,Female,39,"3141 Fremont St, Las Vegas, NV",Lawyer,False,True,"$300,000",137
Daniel Martinez,Male,42,"7305 Las Vegas Blvd, Las Vegas, NV",Doctor,True,True,"$300,000",0
Jessica Jones,Male,33,"9165 Elm St, Las Vegas, NV",Doctor,False,True,None,133
David Garcia,Male,30,"2153 Elm St, Las Vegas, NV",Retail Manager,True,False,"$300,000",61
Michael Martinez,Male,56,"686 Charleston Blvd, Las Vegas, NV",Doctor,True,True,None,17
John Williams,Female,37,"3167 Las Vegas Blvd, Las Vegas, NV",Lawyer,True,False,"$1,000,000",119
Robert Miller,Female,28,"472 Las Vegas Blvd, Las Vegas, NV",Lawyer,True,True,"$300,000",0
Laura Miller,Male,45,"8775 Main St, Las Vegas, NV",Retail Manager,True,True,"$150,000",112
Jane Miller,Female,27,"4417 Fremont St, Las Vegas, NV",Retail Manager,False,False,"$150,000",0
Laura Johnson,Male,39,"7347 Sunset Blvd, Las Vegas, NV",Consultant,True,False,"$300,000",27
Sarah Williams,Male,38,"7720 Rainbow Blvd, Las Vegas, NV",Construction Worker,False,True,"$150,000",0
Laura Williams,Male,55,"7755 Main St, Las Vegas, NV",Doctor,True,False,"$1,000,000",0
Michael Martinez,Male,25,"2443 Las Vegas Blvd, Las Vegas, NV",Consultant,False,True,"$50,000",109
Laura Smith,Female,40,"9748 Las Vegas Blvd, Las Vegas, NV",Restaurant Owner,True,False,None,16
Laura Davis,Female,56,"4992 Charleston Blvd, Las Vegas, NV",Construction Worker,False,False,"$150,000",55
Emily Johnson,Male,24,"327 Rainbow Blvd, Las Vegas, NV",Freelancer,False,False,None,0
John Johnson,Female,28,"8917 Elm St, Las Vegas, NV",Retail Manager,False,True,"$300,000",0
Jane Brown,Male,54,"2744 Charleston Blvd, Las Vegas, NV",Freelancer,False,False,None,129
John Hernandez,Female,32,"8072 Fremont St, Las Vegas, NV",Restaurant Owner,True,True,"$300,000",0
Jane Martinez,Female,46,"1517 Sunset Blvd, Las Vegas, NV",Lawyer,True,False,"$300,000",0
Robert Miller,Female,22,"3828 Las Vegas Blvd, Las Vegas, NV",Doctor,True,True,None,0
Laura Jones,Male,60,"4962 Fremont St, Las Vegas, NV",Consultant,False,False,"$1,000,000",0
David Smith,Female,29,"4468 Rainbow Blvd, Las Vegas, NV",Lawyer,True,True,"$300,000",143
Laura Hernandez,Female,44,"4753 Las Vegas Blvd, Las Vegas, NV",Lawyer,False,True,"$50,000",22
Robert Davis,Female,55,"701 Sunset Blvd, Las Vegas, NV",Consultant,True,True,None,0
John Smith,Male,22,"6922 Fremont St, Las Vegas, NV",Lawyer,True,True,"$1,000,000",0
Daniel Jones,Female,29,"2557 Sunset Blvd, Las Vegas, NV",Doctor,False,True,None,88
Sarah Jones,Female,48,"4782 Main St, Las Vegas, NV",Consultant,False,True,"$1,000,000",0
Robert Jones,Female,43,"4193 Main St, Las Vegas, NV",Freelancer,False,True,"$50,000",0
Daniel Davis,Female,60,"9602 Charleston Blvd, Las Vegas, NV",Consultant,True,True,"$50,000",0
Daniel Johnson,Female,61,"9551 Charleston Blvd, Las Vegas, NV",Freelancer,True,True,"$150,000",11
John Garcia,Male,25,"2082 Fremont St, Las Vegas, NV",Construction Worker,True,False,"$150,000",95
Daniel Jones,Female,27,"8622 Sunset Blvd, Las Vegas, NV",Restaurant Owner,True,False,"$1,000,000",0
John Hernandez,Male,34,"8858 Elm St, Las Vegas, NV",Freelancer,False,False,None,141
David Garcia,Female,38,"3262 Elm St, Las Vegas, NV",Consultant,False,False,"$150,000",0
Jane Smith,Female,65,"3085 Fremont St, Las Vegas, NV",Lawyer,False,False,"$50,000",34
Daniel Williams,Male,33,"1353 Sunset Blvd, Las Vegas, NV",Doctor,True,True,"$1,000,000",105
Laura Williams,Female,32,"4501 Las Vegas Blvd, Las Vegas, NV",Retail Manager,True,True,"$50,000",0
Daniel Williams,Male,26,"1835 Elm St, Las Vegas, NV",Construction Worker,True,False,"$300,000",0
John Smith,Female,54,"4073 Sunset Blvd, Las Vegas, NV",Retail Manager,True,True,"$150,000",0
Sarah Garcia,Female,26,"4210 Charleston Blvd, Las Vegas, NV",Doctor,True,True,"$300,000",136
David Smith,Male,25,"528 Elm St, Las Vegas, NV",Freelancer,False,True,"$50,000",146
John Davis,Male,40,"6240 Rainbow Blvd, Las Vegas, NV",Restaurant Owner,True,True,"$1,000,000",0
Daniel Garcia,Female,57,"8819 Rainbow Blvd, Las Vegas, NV",Retail Manager,False,False,"$300,000",18
Jessica Smith,Male,21,"7464 Las Vegas Blvd, Las Vegas, NV",Restaurant Owner,False,True,"$300,000",144
Jessica Brown,Female,23,"780 Charleston Blvd, Las Vegas, NV",Retail Manager,False,False,None,135
David Jones,Male,61,"8724 Main St, Las Vegas, NV",Construction Worker,True,False,"$150,000",0
Jane Hernandez,Female,45,"5377 Elm St, Las Vegas, NV",Construction Worker,False,True,"$300,000",144
Sarah Johnson,Male,41,"4886 Fremont St, Las Vegas, NV",Freelancer,True,True,"$150,000",75
Sarah Davis,Female,24,"2443 Elm St, Las Vegas, NV",Freelancer,False,False,"$50,000",0
Jane Brown,Female,30,"4929 Rainbow Blvd, Las Vegas, NV",Freelancer,False,False,None,101
Emily Jones,Male,28,"2150 Charleston Blvd, Las Vegas, NV",Doctor,True,False,"$300,000",53
Daniel Jones,Female,36,"3521 Fremont St, Las Vegas, NV",Freelancer,False,True,"$300,000",0
John Hernandez,Female,54,"5583 Main St, Las Vegas, NV",Lawyer,True,True,"$300,000",0
Jessica Jones,Female,52,"7736 Main St, Las Vegas, NV",Doctor,False,True,"$50,000",26
Emily Johnson,Male,23,"8866 Charleston Blvd, Las Vegas, NV",Restaurant Owner,True,False,"$300,000",0
Laura Hernandez,Male,28,"3695 Sunset Blvd, Las Vegas, NV",Lawyer,False,True,"$50,000",0
John Williams,Female,37,"801 Main St, Las Vegas, NV",Doctor,False,False,None,0
John Williams,Female,21,"9812 Fremont St, Las Vegas, NV",Construction Worker,False,True,"$1,000,000",89
Robert Johnson,Male,35,"4475 Charleston Blvd, Las Vegas, NV",Freelancer,False,True,"$150,000",0
Jane Davis,Female,45,"8040 Sunset Blvd, Las Vegas, NV",Retail Manager,True,True,"$150,000",31
Jessica Garcia,Female,52,"214 Fremont St, Las Vegas, NV",Freelancer,False,False,"$150,000",53
David Miller,Male,25,"4902 Elm St, Las Vegas, NV",Lawyer,False,False,"$1,000,000",36
Jessica Martinez,Female,37,"5478 Main St, Las Vegas, NV",Freelancer,True,True,"$50,000",0
Daniel Johnson,Male,43,"6408 Elm St, Las Vegas, NV",Doctor,True,True,"$50,000",69
Laura Davis,Male,49,"7027 Sunset Blvd, Las Vegas, NV",Construction Worker,False,True,"$1,000,000",0
Jane Jones,Male,59,"632 Fremont St, Las Vegas, NV",Retail Manager,True,False,"$50,000",0
Jessica Garcia,Female,56,"5613 Sunset Blvd, Las Vegas, NV",Lawyer,False,True,None,0
Laura Davis,Male,35,"1395 Las Vegas Blvd, Las Vegas, NV",Freelancer,False,True,"$50,000",40
Robert Brown,Female,27,"3782 Las Vegas Blvd, Las Vegas, NV",Doctor,False,False,None,0
John Williams,Male,30,"7850 Fremont St, Las Vegas, NV",Freelancer,True,False,None,81
Daniel Miller,Male,37,"401 Main St, Las Vegas, NV",Lawyer,False,False,"$1,000,000",0
Jessica Johnson,Female,42,"937 Elm St, Las Vegas, NV",Doctor,True,False,"$50,000",19
Michael Martinez,Male,39,"5678 Las Vegas Blvd, Las Vegas, NV",Freelancer,False,True,"$50,000",0
John Martinez,Female,35,"6612 Sunset Blvd, Las Vegas, NV",Restaurant Owner,True,True,"$1,000,000",0
Emily Garcia,Male,40,"1436 Rainbow Blvd, Las Vegas, NV",Lawyer,True,True,None,43
Sarah Garcia,Female,52,"931 Sunset Blvd, Las Vegas, NV",Lawyer,False,True,"$50,000",5
Michael Smith,Male,27,"4182 Fremont St, Las Vegas, NV",Retail Manager,False,False,"$50,000",140
Robert Garcia,Female,36,"2192 Rainbow Blvd, Las Vegas, NV",Lawyer,True,False,"$1,000,000",107
Jessica Miller,Female,35,"3483 Las Vegas Blvd, Las Vegas, NV",Doctor,False,False,None,0
Daniel Hernandez,Male,27,"957 Elm St, Las Vegas, NV",Doctor,True,False,"$150,000",84
Laura Martinez,Female,35,"2849 Sunset Blvd, Las Vegas, NV",Lawyer,False,False,None,31
Jessica Miller,Female,53,"4059 Charleston Blvd, Las Vegas, NV",Construction Worker,False,False,"$150,000",23
Emily Brown,Male,53,"874 Main St, Las Vegas, NV",Consultant,False,False,None,0
Daniel Davis,Female,47,"7808 Main St, Las Vegas, NV",Construction Worker,False,False,"$300,000",17
Michael Martinez,Male,48,"2825 Main St, Las Vegas, NV",Doctor,True,False,"$150,000",87
Emily Martinez,Male,44,"1587 Elm St, Las Vegas, NV",Doctor,True,False,"$300,000",0
Jessica Williams,Female,56,"1307 Charleston Blvd, Las Vegas, NV",Consultant,False,True,"$1,000,000",36
Daniel Williams,Female,57,"3150 Elm St, Las Vegas, NV",Construction Worker,False,False,"$300,000",150
Emily Brown,Female,59,"9755 Elm St, Las Vegas, NV",Lawyer,True,False,"$300,000",23
Emily Williams,Male,47,"4658 Sunset Blvd, Las Vegas, NV",Retail Manager,True,False,"$300,000",0
Emily Brown,Female,58,"6434 Sunset Blvd, Las Vegas, NV",Construction Worker,False,True,"$300,000",45
Jessica Jones,Female,43,"2627 Rainbow Blvd, Las Vegas, NV",Doctor,True,True,None,0
Daniel Johnson,Male,52,"1510 Main St, Las Vegas, NV",Lawyer,True,True,"$150,000",0
John Hernandez,Male,39,"3373 Fremont St, Las Vegas, NV",Construction Worker,True,True,"$1,000,000",0
Laura Smith,Female,49,"9031 Main St, Las Vegas, NV",Lawyer,False,False,"$150,000",27
Jessica Smith,Male,45,"6073 Elm St, Las Vegas, NV",Lawyer,True,False,"$1,000,000",66
John Williams,Male,50,"5908 Fremont St, Las Vegas, NV",Freelancer,False,True,"$1,000,000",0
Sarah Hernandez,Male,48,"3168 Fremont St, Las Vegas, NV",Lawyer,True,True,"$300,000",44
Jane Jones,Female,22,"4016 Charleston Blvd, Las Vegas, NV",Construction Worker,False,True,"$1,000,000",0
Daniel Martinez,Male,61,"4295 Las Vegas Blvd, Las Vegas, NV",Retail Manager,True,False,"$150,000",0
Laura Martinez,Female,33,"206 Elm St, Las Vegas, NV",Lawyer,False,True,"$50,000",0
Sarah Jones,Male,54,"7233 Main St, Las Vegas, NV",Retail Manager,True,True,"$50,000",31
David Johnson,Male,44,"8788 Las Vegas Blvd, Las Vegas, NV",Consultant,True,False,"$1,000,000",0
Michael Jones,Female,57,"9506 Fremont St, Las Vegas, NV",Consultant,False,False,"$50,000",0
John Martinez,Male,56,"9538 Charleston Blvd, Las Vegas, NV",Freelancer,True,True,"$300,000",0
Laura Garcia,Male,31,"3468 Elm St, Las Vegas, NV",Doctor,False,False,"$150,000",108
Michael Martinez,Female,53,"2505 Sunset Blvd, Las Vegas, NV",Restaurant Owner,False,True,"$300,000",0
Michael Smith,Male,56,"6999 Fremont St, Las Vegas, NV",Consultant,False,True,None,0
Emily Hernandez,Female,63,"6680 Charleston Blvd, Las Vegas, NV",Freelancer,True,True,"$150,000",0
Jessica Garcia,Male,63,"7596 Main St, Las Vegas, NV",Freelancer,True,True,"$300,000",0
Emily Smith,Male,31,"754 Fremont St, Las Vegas, NV",Consultant,False,False,"$300,000",56
Jessica Brown,Female,53,"7728 Fremont St, Las Vegas, NV",Freelancer,False,True,None,0
Robert Miller,Female,36,"9571 Sunset Blvd, Las Vegas, NV",Construction Worker,True,True,"$1,000,000",90
Jessica Jones,Male,53,"8872 Elm St, Las Vegas, NV",Lawyer,True,True,"$1,000,000",0
Daniel Davis,Male,31,"3383 Fremont St, Las Vegas, NV",Restaurant Owner,False,True,None,0
Laura Smith,Female,41,"6087 Charleston Blvd, Las Vegas, NV",Construction Worker,False,False,"$300,000",35
Michael Johnson,Male,44,"840 Las Vegas Blvd, Las Vegas, NV",Restaurant Owner,True,False,"$300,000",0
Sarah Davis,Male,65,"612 Charleston Blvd, Las Vegas, NV",Construction Worker,False,True,"$50,000",0
Robert Jones,Male,37,"9595 Main St, Las Vegas, NV",Doctor,True,False,"$1,000,000",0
Michael Miller,Male,52,"4114 Fremont St, Las Vegas, NV",Retail Manager,True,False,"$1,000,000",92
David Miller,Male,33,"9987 Rainbow Blvd, Las Vegas, NV",Lawyer,True,False,"$300,000",0
David Martinez,Male,27,"8424 Fremont St, Las Vegas, NV",Restaurant Owner,False,False,"$300,000",54
Laura Smith,Female,45,"2947 Sunset Blvd, Las Vegas, NV",Doctor,True,True,"$150,000",3
Laura Miller,Male,33,"9796 Sunset Blvd, Las Vegas, NV",Doctor,True,False,"$50,000",0
David Jones,Male,63,"1483 Elm St, Las Vegas, NV",Consultant,False,False,"$150,000",0
Michael Hernandez,Male,49,"8326 Sunset Blvd, Las Vegas, NV",Construction Worker,True,True,"$50,000",150
Sarah Garcia,Male,64,"9675 Charleston Blvd, Las Vegas, NV",Lawyer,True,False,"$300,000",0
Daniel Brown,Male,41,"2176 Las Vegas Blvd, Las Vegas, NV",Freelancer,True,False,"$300,000",0
Laura Martinez,Male,35,"3629 Las Vegas Blvd, Las Vegas, NV",Restaurant Owner,False,True,"$150,000",0
Laura Jones,Male,22,"9238 Sunset Blvd, Las Vegas, NV",Consultant,True,False,None,93
Jane Williams,Male,32,"9243 Las Vegas Blvd, Las Vegas, NV",Lawyer,True,False,"$300,000",0
Jessica Garcia,Male,62,"1132 Las Vegas Blvd, Las Vegas, NV",Retail Manager,False,False,"$150,000",58
Emily Johnson,Female,61,"8545 Charleston Blvd, Las Vegas, NV",Restaurant Owner,True,False,"$150,000",70
Robert Davis,Male,31,"139 Fremont St, Las Vegas, NV",Consultant,True,False,"$300,000",107
Daniel Martinez,Female,59,"776 Charleston Blvd, Las Vegas, NV",Lawyer,False,True,"$150,000",13
David Martinez,Female,55,"1178 Fremont St, Las Vegas, NV",Lawyer,True,True,"$150,000",85
Emily Williams,Female,36,"4090 Las Vegas Blvd, Las Vegas, NV",Consultant,True,False,"$300,000",2
Daniel Martinez,Male,65,"7158 Main St, Las Vegas, NV",Consultant,False,False,"$150,000",0
Emily Smith,Male,26,"8815 Charleston Blvd, Las Vegas, NV",Doctor,False,True,"$1,000,000",62
Robert Davis,Female,28,"4354 Rainbow Blvd, Las Vegas, NV",Freelancer,False,True,"$50,000",38
Jane Miller,Male,61,"221 Las Vegas Blvd, Las Vegas, NV",Lawyer,False,True,"$300,000",0
Daniel Hernandez,Female,24,"9787 Charleston Blvd, Las Vegas, NV",Freelancer,True,False,"$1,000,000",5
Robert Smith,Male,52,"5243 Las Vegas Blvd, Las Vegas, NV",Retail Manager,False,False,"$150,000",145
Emily Jones,Male,60,"3029 Elm St, Las Vegas, NV",Retail Manager,True,False,None,0
David Hernandez,Male,44,"5896 Elm St, Las Vegas, NV",Freelancer,False,True,"$300,000",0
Sarah Brown,Female,23,"5655 Sunset Blvd, Las Vegas, NV",Doctor,False,True,None,100
Jane Jones,Male,33,"3281 Sunset Blvd, Las Vegas, NV",Lawyer,False,True,"$1,000,000",0
Laura Miller,Female,49,"4867 Las Vegas Blvd, Las Vegas, NV",Lawyer,True,False,None,24
Jane Hernandez,Male,40,"895 Rainbow Blvd, Las Vegas, NV",Restaurant Owner,False,False,"$300,000",0
Jessica Davis,Female,40,"4871 Fremont St, Las Vegas, NV",Restaurant Owner,False,True,"$300,000",0
Emily Brown,Male,51,"9575 Sunset Blvd, Las Vegas, NV",Lawyer,False,False,None,0
Jessica Davis,Female,42,"5525 Charleston Blvd, Las Vegas, NV",Doctor,True,False,None,0
Emily Smith,Male,51,"4205 Sunset Blvd, Las Vegas, NV",Retail Manager,False,False,None,0
John Garcia,Male,22,"4089 Rainbow Blvd, Las Vegas, NV",Lawyer,True,False,"$1,000,000",0
Jane Garcia,Female,55,"1589 Las Vegas Blvd, Las Vegas, NV",Freelancer,False,True,"$150,000",34
David Hernandez,Female,52,"8917 Elm St, Las Vegas, NV",Freelancer,True,False,"$1,000,000",0
Jane Smith,Male,30,"288 Sunset Blvd, Las Vegas, NV",Lawyer,False,True,None,0
Michael Jones,Male,35,"4286 Las Vegas Blvd, Las Vegas, NV",Freelancer,False,True,"$300,000",0
Daniel Miller,Male,37,"7640 Sunset Blvd, Las Vegas, NV",Retail Manager,True,False,None,105
David Smith,Male,47,"887 Elm St, Las Vegas, NV",Freelancer,False,False,"$1,000,000",8
Daniel Johnson,Male,43,"7177 Sunset Blvd, Las Vegas, NV",Freelancer,True,False,None,0
Jessica Garcia,Female,24,"6248 Charleston Blvd, Las Vegas, NV",Restaurant Owner,False,False,"$300,000",139
Sarah Brown,Female,34,"3712 Sunset Blvd, Las Vegas, NV",Lawyer,True,True,"$1,000,000",0
Jane Hernandez,Female,21,"8105 Las Vegas Blvd, Las Vegas, NV",Construction Worker,False,True,"$150,000",0
Laura Brown,Male,59,"9347 Charleston Blvd, Las Vegas, NV",Lawyer,False,True,None,0
Laura Hernandez,Female,54,"5460 Fremont St, Las Vegas, NV",Lawyer,True,True,"$50,000",61
Robert Johnson,Male,58,"6040 Las Vegas Blvd, Las Vegas, NV",Doctor,False,True,"$150,000",113
Sarah Johnson,Female,60,"4961 Elm St, Las Vegas, NV",Lawyer,True,True,"$150,000",127
Daniel Jones,Female,61,"5172 Sunset Blvd, Las Vegas, NV",Freelancer,True,True,"$1,000,000",2
Emily Hernandez,Female,21,"9278 Charleston Blvd, Las Vegas, NV",Freelancer,False,True,"$50,000",108
John Williams,Female,34,"4966 Rainbow Blvd, Las Vegas, NV",Lawyer,True,False,"$300,000",0
Jane Garcia,Male,63,"7967 Charleston Blvd, Las Vegas, NV",Doctor,False,True,"$150,000",0
Emily Williams,Female,22,"9200 Sunset Blvd, Las Vegas, NV",Restaurant Owner,True,True,"$1,000,000",0
Michael Martinez,Male,53,"1733 Main St, Las Vegas, NV",Restaurant Owner,True,False,"$1,000,000",29
Daniel Jones,Male,51,"9667 Charleston Blvd, Las Vegas, NV",Lawyer,False,False,"$1,000,000",21
David Martinez,Female,46,"3261 Main St, Las Vegas, NV",Freelancer,True,False,"$300,000",27
Jessica Jones,Male,26,"9967 Fremont St, Las Vegas, NV",Freelancer,False,True,"$150,000",0
Emily Miller,Female,52,"7259 Elm St, Las Vegas, NV",Construction Worker,True,True,"$300,000",0
Jessica Garcia,Male,34,"8660 Sunset Blvd, Las Vegas, NV",Freelancer,False,True,None,0
Emily Garcia,Male,60,"4769 Charleston Blvd, Las Vegas, NV",Doctor,True,True,"$150,000",0
John Garcia,Female,62,"1253 Charleston Blvd, Las Vegas, NV",Retail Manager,False,False,None,0
David Garcia,Male,33,"5699 Sunset Blvd, Las Vegas, NV",Doctor,True,True,"$50,000",4
David Williams,Female,44,"2527 Main St, Las Vegas, NV",Doctor,True,False,"$1,000,000",92
David Miller,Female,59,"458 Charleston Blvd, Las Vegas, NV",Lawyer,True,False,"$1,000,000",65
Emily Brown,Female,41,"7890 Main St, Las Vegas, NV",Lawyer,True,True,"$1,000,000",0
Emily Martinez,Female,21,"6334 Sunset Blvd, Las Vegas, NV",Freelancer,False,True,"$150,000",37
Emily Williams,Female,57,"6186 Rainbow Blvd, Las Vegas, NV",Doctor,True,True,"$300,000",0
Daniel Garcia,Male,53,"5016 Main St, Las Vegas, NV",Construction Worker,False,False,"$300,000",119
Jane Smith,Female,56,"6915 Sunset Blvd, Las Vegas, NV",Lawyer,True,False,"$50,000",0
Emily Garcia,Male,50,"822 Rainbow Blvd, Las Vegas, NV",Retail Manager,True,True,"$150,000",0
Laura Miller,Male,47,"7309 Main St, Las Vegas, NV",Doctor,False,False,"$150,000",92
John Johnson,Female,50,"7993 Main St, Las Vegas, NV",Doctor,True,False,"$150,000",0
Michael Smith,Female,22,"8921 Las Vegas Blvd, Las Vegas, NV",Construction Worker,True,True,None,0
David Brown,Male,59,"712 Elm St, Las Vegas, NV",Restaurant Owner,False,False,"$150,000",19
Sarah Johnson,Female,62,"2984 Elm St, Las Vegas, NV",Lawyer,True,True,"$300,000",0
Laura Miller,Male,40,"1644 Las Vegas Blvd, Las Vegas, NV",Restaurant Owner,False,False,"$50,000",143
Laura Jones,Female,60,"7199 Rainbow Blvd, Las Vegas, NV",Lawyer,True,False,"$1,000,000",83
Daniel Smith,Male,25,"407 Elm St, Las Vegas, NV",Retail Manager,True,True,"$1,000,000",0
Michael Johnson,Female,52,"5108 Sunset Blvd, Las Vegas, NV",Construction Worker,False,True,None,0
David Hernandez,Female,47,"1668 Charleston Blvd, Las Vegas, NV",Retail Manager,True,True,"$150,000",38
Jessica Miller,Male,21,"334 Main St, Las Vegas, NV",Doctor,False,True,"$300,000",92
Laura Smith,Female,35,"1742 Fremont St, Las Vegas, NV",Freelancer,False,True,"$150,000",0
John Johnson,Male,37,"4575 Charleston Blvd, Las Vegas, NV",Freelancer,False,False,"$1,000,000",0
Jane Garcia,Male,55,"8206 Charleston Blvd, Las Vegas, NV",Freelancer,True,False,"$150,000",129
John Miller,Male,47,"9370 Las Vegas Blvd, Las Vegas, NV",Lawyer,False,False,"$1,000,000",46
Laura Martinez,Female,40,"2908 Rainbow Blvd, Las Vegas, NV",Doctor,False,False,None,0
David Garcia,Female,48,"3818 Rainbow Blvd, Las Vegas, NV",Restaurant Owner,False,True,"$150,000",139
Laura Brown,Male,48,"9333 Fremont St, Las Vegas, NV",Restaurant Owner,False,True,None,11
Jane Smith,Female,56,"3210 Sunset Blvd, Las Vegas, NV",Consultant,False,False,"$1,000,000",0
Jessica Smith,Female,33,"4239 Elm St, Las Vegas, NV",Construction Worker,False,False,"$300,000",24
Michael Smith,Female,46,"3686 Charleston Blvd, Las Vegas, NV",Doctor,True,False,"$50,000",0
Jessica Brown,Female,27,"9404 Las Vegas Blvd, Las Vegas, NV",Retail Manager,True,True,"$50,000",0
David Jones,Female,34,"4482 Rainbow Blvd, Las Vegas, NV",Doctor,False,False,"$50,000",26
Daniel Martinez,Male,58,"2441 Sunset Blvd, Las Vegas, NV",Doctor,False,False,"$1,000,000",0
Laura Hernandez,Female,40,"8206 Las Vegas Blvd, Las Vegas, NV",Freelancer,True,False,None,27
Sarah Davis,Female,61,"9711 Charleston Blvd, Las Vegas, NV",Doctor,False,False,None,124
Emily Miller,Female,51,"5029 Fremont St, Las Vegas, NV",Freelancer,True,False,None,0
John Williams,Male,56,"2730 Charleston Blvd, Las Vegas, NV",Doctor,True,True,"$1,000,000",0
Sarah Hernandez,Male,31,"5832 Main St, Las Vegas, NV",Consultant,True,False,None,125
Jessica Brown,Female,32,"8882 Sunset Blvd, Las Vegas, NV",Consultant,True,False,"$1,000,000",5
David Garcia,Female,52,"3424 Main St, Las Vegas, NV",Restaurant Owner,False,False,"$50,000",0
Sarah Williams,Female,59,"3922 Rainbow Blvd, Las Vegas, NV",Restaurant Owner,False,True,"$1,000,000",118
Michael Jones,Male,53,"5698 Fremont St, Las Vegas, NV",Retail Manager,True,False,None,0
Jane Martinez,Female,28,"3103 Main St, Las Vegas, NV",Lawyer,True,False,"$1,000,000",16
Robert Garcia,Female,44,"9281 Elm St, Las Vegas, NV",Construction Worker,False,True,"$150,000",0
Laura Garcia,Male,37,"3909 Charleston Blvd, Las Vegas, NV",Retail Manager,True,True,"$150,000",0
Emily Williams,Female,38,"5734 Las Vegas Blvd, Las Vegas, NV",Restaurant Owner,True,False,"$50,000",0
Emily Miller,Female,24,"6415 Sunset Blvd, Las Vegas, NV",Restaurant Owner,False,False,"$150,000",0
Daniel Jones,Male,43,"6953 Las Vegas Blvd, Las Vegas, NV",Consultant,True,False,"$150,000",0
Emily Garcia,Female,40,"6168 Elm St, Las Vegas, NV",Construction Worker,False,True,None,0
Jessica Davis,Female,26,"8178 Elm St, Las Vegas, NV",Doctor,False,False,"$300,000",0
Michael Brown,Male,49,"8043 Las Vegas Blvd, Las Vegas, NV",Consultant,False,False,"$150,000",21
Robert Johnson,Male,26,"486 Elm St, Las Vegas, NV",Doctor,True,False,"$50,000",76
Jane Hernandez,Male,59,"1653 Elm St, Las Vegas, NV",Lawyer,True,False,"$150,000",47
Jane Davis,Female,60,"2170 Elm St, Las Vegas, NV",Lawyer,False,True,"$50,000",0
Jessica Davis,Female,22,"7113 Main St, Las Vegas, NV",Freelancer,False,False,None,12
Sarah Johnson,Male,31,"6365 Sunset Blvd, Las Vegas, NV",Construction Worker,True,True,None,16
Jessica Miller,Female,27,"957 Las Vegas Blvd, Las Vegas, NV",Consultant,True,False,"$150,000",0
David Hernandez,Female,29,"1315 Main St, Las Vegas, NV",Construction Worker,True,True,"$1,000,000",0
Michael Johnson,Male,29,"9970 Charleston Blvd, Las Vegas, NV",Doctor,False,True,"$300,000",6
Sarah Hernandez,Male,49,"4519 Elm St, Las Vegas, NV",Retail Manager,False,True,"$150,000",42
John Davis,Male,56,"1099 Elm St, Las Vegas, NV",Restaurant Owner,False,False,"$50,000",0
Emily Hernandez,Female,46,"8568 Sunset Blvd, Las Vegas, NV",Consultant,False,True,"$150,000",0
Emily Miller,Male,25,"3040 Charleston Blvd, Las Vegas, NV",Retail Manager,True,False,"$300,000",50
Jane Hernandez,Female,61,"4710 Elm St, Las Vegas, NV",Retail Manager,True,True,"$150,000",104
Emily Davis,Female,31,"435 Rainbow Blvd, Las Vegas, NV",Restaurant Owner,True,False,"$150,000",0
David Jones,Female,40,"7021 Charleston Blvd, Las Vegas, NV",Doctor,True,True,"$50,000",0
Jessica Brown,Female,44,"7858 Charleston Blvd, Las Vegas, NV",Retail Manager,False,False,None,51
Jane Martinez,Female,41,"1956 Elm St, Las Vegas, NV",Lawyer,True,False,None,0
Sarah Hernandez,Female,37,"6878 Rainbow Blvd, Las Vegas, NV",Lawyer,False,False,"$150,000",0
John Martinez,Male,57,"8448 Rainbow Blvd, Las Vegas, NV",Freelancer,False,False,None,112
Laura Hernandez,Female,38,"2505 Rainbow Blvd, Las Vegas, NV",Consultant,True,False,"$50,000",114
David Martinez,Female,62,"3917 Charleston Blvd, Las Vegas, NV",Restaurant Owner,False,False,"$300,000",24
Jessica Davis,Female,42,"1243 Charleston Blvd, Las Vegas, NV",Retail Manager,False,True,"$300,000",0
Jessica Garcia,Male,44,"9509 Main St, Las Vegas, NV",Consultant,True,False,None,0
Daniel Martinez,Male,48,"6773 Main St, Las Vegas, NV",Freelancer,False,True,None,0
John Brown,Female,58,"1014 Elm St, Las Vegas, NV",Restaurant Owner,True,True,"$1,000,000",0
Jane Martinez,Male,31,"6654 Fremont St, Las Vegas, NV",Lawyer,False,False,"$300,000",0
John Jones,Female,21,"3903 Las Vegas Blvd, Las Vegas, NV",Freelancer,False,False,"$150,000",0
David Johnson,Male,23,"7328 Elm St, Las Vegas, NV",Freelancer,False,True,None,3
Robert Williams,Male,42,"4588 Main St, Las Vegas, NV",Consultant,False,False,"$1,000,000",46
Jessica Garcia,Female,34,"8156 Las Vegas Blvd, Las Vegas, NV",Construction Worker,True,True,"$1,000,000",0
Emily Brown,Female,60,"6375 Fremont St, Las Vegas, NV",Freelancer,False,False,"$300,000",14
David Jones,Female,65,"3502 Fremont St, Las Vegas, NV",Restaurant Owner,True,False,"$50,000",0
Jane Smith,Male,23,"7686 Las Vegas Blvd, Las Vegas, NV",Doctor,False,True,None,110
Emily Martinez,Female,51,"3712 Rainbow Blvd, Las Vegas, NV",Restaurant Owner,True,True,"$150,000",55
Daniel Hernandez,Male,61,"176 Fremont St, Las Vegas, NV",Retail Manager,False,True,"$1,000,000",43
Laura Garcia,Male,23,"2196 Sunset Blvd, Las Vegas, NV",Restaurant Owner,False,False,"$1,000,000",0
Emily Williams,Female,59,"1825 Rainbow Blvd, Las Vegas, NV",Restaurant Owner,False,True,None,2
Laura Miller,Male,31,"8054 Las Vegas Blvd, Las Vegas, NV",Consultant,True,True,None,131
Robert Garcia,Male,21,"9731 Charleston Blvd, Las Vegas, NV",Retail Manager,False,True,"$300,000",0
Emily Brown,Female,50,"6378 Fremont St, Las Vegas, NV",Construction Worker,False,False,"$50,000",133
Michael Smith,Female,48,"7824 Las Vegas Blvd, Las Vegas, NV",Freelancer,True,True,"$300,000",4
Daniel Johnson,Female,49,"1981 Charleston Blvd, Las Vegas, NV",Freelancer,True,True,"$150,000",144
David Williams,Female,37,"5479 Sunset Blvd, Las Vegas, NV",Lawyer,True,False,"$300,000",0
Jane Martinez,Female,25,"6575 Las Vegas Blvd, Las Vegas, NV",Doctor,False,False,"$50,000",0
Emily Martinez,Female,37,"4095 Charleston Blvd, Las Vegas, NV",Lawyer,True,False,None,0
Jane Williams,Female,50,"4062 Fremont St, Las Vegas, NV",Consultant,False,False,None,0
Michael Hernandez,Female,53,"9213 Fremont St, Las Vegas, NV",Restaurant Owner,False,True,"$300,000",27
Sarah Davis,Female,48,"368 Elm St, Las Vegas, NV",Retail Manager,True,True,None,120
Jessica Hernandez,Female,58,"2299 Rainbow Blvd, Las Vegas, NV",Restaurant Owner,False,True,"$1,000,000",146
John Jones,Male,42,"4870 Sunset Blvd, Las Vegas, NV",Consultant,False,False,"$50,000",0
David Johnson,Female,29,"803 Rainbow Blvd, Las Vegas, NV",Doctor,True,False,"$50,000",3
Jane Brown,Female,21,"7122 Elm St, Las Vegas, NV",Consultant,False,True,"$150,000",0
Robert Davis,Female,41,"6250 Sunset Blvd, Las Vegas, NV",Doctor,False,True,"$1,000,000",13
Jessica Miller,Female,64,"6341 Main St, Las Vegas, NV",Retail Manager,True,False,"$50,000",0
Daniel Jones,Female,41,"3623 Fremont St, Las Vegas, NV",Doctor,False,False,"$150,000",0
Daniel Brown,Male,55,"1482 Las Vegas Blvd, Las Vegas, NV",Construction Worker,False,True,"$1,000,000",1
Robert Williams,Female,52,"9956 Elm St, Las Vegas, NV",Restaurant Owner,True,False,"$1,000,000",0
David Davis,Female,25,"8893 Elm St, Las Vegas, NV",Restaurant Owner,False,True,"$300,000",27
David Hernandez,Male,26,"8067 Fremont St, Las Vegas, NV",Construction Worker,True,False,None,10
Michael Brown,Female,45,"1952 Elm St, Las Vegas, NV",Restaurant Owner,False,False,None,121
Robert Smith,Male,26,"5398 Main St, Las Vegas, NV",Doctor,False,True,"$1,000,000",0
David Smith,Female,24,"2742 Sunset Blvd, Las Vegas, NV",Doctor,True,True,"$50,000",50
Sarah Hernandez,Female,54,"3365 Sunset Blvd, Las Vegas, NV",Construction Worker,False,True,"$1,000,000",110
Jane Williams,Female,57,"6082 Elm St, Las Vegas, NV",Doctor,False,True,None,0
Michael Martinez,Female,49,"6795 Las Vegas Blvd, Las Vegas, NV",Consultant,True,True,"$50,000",0
Laura Williams,Male,49,"2231 Sunset Blvd, Las Vegas, NV",Restaurant Owner,True,True,"$150,000",0
Daniel Garcia,Male,44,"701 Las Vegas Blvd, Las Vegas, NV",Lawyer,False,True,"$300,000",0
David Williams,Male,32,"2229 Fremont St, Las Vegas, NV",Freelancer,True,False,"$150,000",30
Jessica Williams,Male,24,"2370 Fremont St, Las Vegas, NV",Retail Manager,False,False,"$300,000",113
Michael Williams,Male,22,"2880 Charleston Blvd, Las Vegas, NV",Lawyer,True,True,"$150,000",139
Jane Miller,Male,39,"9428 Charleston Blvd, Las Vegas, NV",Construction Worker,False,True,"$300,000",0
Daniel Miller,Male,38,"319 Las Vegas Blvd, Las Vegas, NV",Freelancer,False,True,"$50,000",72
John Miller,Male,45,"9042 Charleston Blvd, Las Vegas, NV",Consultant,True,False,"$1,000,000",0
Jessica Hernandez,Female,40,"8096 Sunset Blvd, Las Vegas, NV",Retail Manager,False,False,"$150,000",24
John Garcia,Female,43,"1297 Elm St, Las Vegas, NV",Consultant,False,False,"$50,000",38
Laura Miller,Female,61,"3426 Fremont St, Las Vegas, NV",Construction Worker,False,True,"$1,000,000",133
Sarah Davis,Female,28,"1055 Sunset Blvd, Las Vegas, NV",Restaurant Owner,False,False,"$50,000",0
Emily Williams,Female,22,"9182 Charleston Blvd, Las Vegas, NV",Lawyer,False,False,None,140
Daniel Brown,Female,46,"5004 Charleston Blvd, Las Vegas, NV",Retail Manager,True,False,"$300,000",0
Emily Miller,Female,53,"3120 Rainbow Blvd, Las Vegas, NV",Freelancer,False,True,"$300,000",0
Robert Martinez,Female,57,"4391 Las Vegas Blvd, Las Vegas, NV",Doctor,True,False,"$1,000,000",0
Robert Martinez,Male,24,"2752 Elm St, Las Vegas, NV",Freelancer,True,False,"$1,000,000",0
Robert Davis,Female,44,"9347 Las Vegas Blvd, Las Vegas, NV",Lawyer,True,False,"$300,000",132
Jessica Jones,Female,53,"6639 Las Vegas Blvd, Las Vegas, NV",Restaurant Owner,True,False,"$150,000",97
Emily Jones,Female,52,"7435 Elm St, Las Vegas, NV",Construction Worker,True,True,"$1,000,000",0
David Jones,Male,62,"914 Rainbow Blvd, Las Vegas, NV",Restaurant Owner,False,False,None,33
David Miller,Female,58,"2156 Las Vegas Blvd, Las Vegas, NV",Consultant,False,True,"$1,000,000",137
Emily Davis,Male,29,"8691 Elm St, Las Vegas, NV",Retail Manager,True,False,"$150,000",0
Jane Garcia,Male,52,"6553 Elm St, Las Vegas, NV",Lawyer,False,True,"$50,000",0
Michael Miller,Male,41,"9005 Sunset Blvd, Las Vegas, NV",Retail Manager,False,True,"$300,000",53
Sarah Miller,Female,53,"5173 Las Vegas Blvd, Las Vegas, NV",Retail Manager,False,False,"$300,000",0
John Garcia,Male,47,"6506 Sunset Blvd, Las Vegas, NV",Construction Worker,False,False,"$1,000,000",0
Michael Jones,Male,46,"774 Elm St, Las Vegas, NV",Consultant,False,True,None,0
Sarah Hernandez,Female,39,"6399 Elm St, Las Vegas, NV",Freelancer,False,False,"$50,000",0
Jane Hernandez,Male,58,"3085 Las Vegas Blvd, Las Vegas, NV",Restaurant Owner,False,True,"$150,000",0
Jane Garcia,Female,26,"2212 Rainbow Blvd, Las Vegas, NV",Freelancer,True,False,None,0
Emily Miller,Male,55,"4079 Fremont St, Las Vegas, NV",Construction Worker,True,True,None,73
Daniel Brown,Male,26,"9244 Main St, Las Vegas, NV",Restaurant Owner,True,True,"$150,000",89
Jessica Miller,Male,22,"7657 Fremont St, Las Vegas, NV",Retail Manager,False,True,"$150,000",0
Jessica Davis,Female,52,"7458 Fremont St, Las Vegas, NV",Retail Manager,False,False,"$1,000,000",0
Michael Jones,Female,23,"9657 Elm St, Las Vegas, NV",Construction Worker,True,False,None,0
Emily Smith,Female,43,"7985 Elm St, Las Vegas, NV",Retail Manager,False,False,None,50
Michael Hernandez,Male,48,"1791 Fremont St, Las Vegas, NV",Lawyer,False,True,"$1,000,000",132
Laura Davis,Male,35,"6970 Charleston Blvd, Las Vegas, NV",Consultant,False,False,"$300,000",70
John Johnson,Female,39,"9762 Main St, Las Vegas, NV",Restaurant Owner,True,False,"$150,000",96
Jessica Smith,Male,46,"9435 Sunset Blvd, Las Vegas, NV",Lawyer,False,False,"$300,000",0
David Johnson,Male,64,"3882 Rainbow Blvd, Las Vegas, NV",Freelancer,True,True,"$150,000",0
Sarah Brown,Male,36,"3981 Elm St, Las Vegas, NV",Retail Manager,False,False,"$300,000",120
Michael Smith,Female,50,"7193 Rainbow Blvd, Las Vegas, NV",Retail Manager,False,False,None,13
Laura Johnson,Female,64,"2947 Elm St, Las Vegas, NV",Restaurant Owner,True,True,"$50,000",134
Michael Williams,Male,45,"5052 Elm St, Las Vegas, NV",Construction Worker,True,True,"$50,000",0
Robert Smith,Male,27,"2299 Sunset Blvd, Las Vegas, NV",Consultant,True,False,"$300,000",41
Jane Hernandez,Male,40,"9099 Las Vegas Blvd, Las Vegas, NV",Restaurant Owner,True,True,"$300,000",0
Michael Davis,Male,62,"3345 Sunset Blvd, Las Vegas, NV",Consultant,True,False,"$150,000",0
John Garcia,Male,55,"2608 Sunset Blvd, Las Vegas, NV",Freelancer,True,False,"$300,000",0
John Hernandez,Female,22,"4518 Elm St, Las Vegas, NV",Lawyer,False,True,"$1,000,000",150
Sarah Williams,Male,25,"8722 Elm St, Las Vegas, NV",Restaurant Owner,False,False,"$300,000",0
David Smith,Female,39,"1693 Main St, Las Vegas, NV",Construction Worker,False,False,None,0
Emily Hernandez,Female,42,"8857 Rainbow Blvd, Las Vegas, NV",Lawyer,False,True,"$1,000,000",94
David Smith,Male,55,"4980 Main St, Las Vegas, NV",Consultant,True,False,"$150,000",150
David Hernandez,Male,49,"7672 Elm St, Las Vegas, NV",Restaurant Owner,True,True,"$50,000",0
Daniel Brown,Female,44,"431 Fremont St, Las Vegas, NV",Construction Worker,False,True,"$150,000",0
Daniel Johnson,Male,24,"6422 Charleston Blvd, Las Vegas, NV",Freelancer,False,True,None,0
Robert Williams,Female,39,"6534 Charleston Blvd, Las Vegas, NV",Consultant,False,False,"$1,000,000",0
John Brown,Male,26,"5433 Charleston Blvd, Las Vegas, NV",Freelancer,False,True,"$150,000",0
John Hernandez,Female,42,"9434 Charleston Blvd, Las Vegas, NV",Restaurant Owner,True,False,"$1,000,000",55
Laura Davis,Male,34,"9144 Main St, Las Vegas, NV",Lawyer,False,True,None,0
Michael Williams,Male,63,"9168 Main St, Las Vegas, NV",Lawyer,True,True,None,0
Laura Martinez,Male,65,"6168 Sunset Blvd, Las Vegas, NV",Lawyer,False,False,"$1,000,000",133
Daniel Martinez,Female,55,"1010 Elm St, Las Vegas, NV",Freelancer,True,False,None,90
Daniel Martinez,Female,40,"3748 Fremont St, Las Vegas, NV",Construction Worker,False,False,None,123
Michael Smith,Male,42,"605 Charleston Blvd, Las Vegas, NV",Doctor,True,True,None,102
John Smith,Female,61,"8891 Main St, Las Vegas, NV",Lawyer,True,False,"$50,000",0
John Martinez,Female,50,"8059 Main St, Las Vegas, NV",Restaurant Owner,False,False,None,28
Emily Martinez,Female,38,"9754 Fremont St, Las Vegas, NV",Lawyer,True,False,"$150,000",7
Sarah Davis,Female,31,"8955 Rainbow Blvd, Las Vegas, NV",Doctor,False,False,"$150,000",0
John Brown,Female,35,"1240 Las Vegas Blvd, Las Vegas, NV",Doctor,False,False,"$1,000,000",35
Laura Brown,Male,43,"9122 Sunset Blvd, Las Vegas, NV",Freelancer,False,True,"$50,000",0
Jane Garcia,Male,28,"4527 Rainbow Blvd, Las Vegas, NV",Consultant,False,True,"$150,000",42
Jessica Miller,Male,26,"9345 Charleston Blvd, Las Vegas, NV",Consultant,True,True,"$50,000",0
Emily Miller,Male,27,"4474 Main St, Las Vegas, NV",Restaurant Owner,False,True,"$1,000,000",5
Jessica Miller,Male,42,"5433 Sunset Blvd, Las Vegas, NV",Construction Worker,True,False,"$300,000",0
Michael Jones,Female,58,"4924 Elm St, Las Vegas, NV",Consultant,False,True,"$300,000",0
Emily Hernandez,Male,42,"9647 Elm St, Las Vegas, NV",Construction Worker,True,False,None,0
Michael Jones,Male,23,"768 Rainbow Blvd, Las Vegas, NV",Consultant,True,False,"$1,000,000",0
Jessica Miller,Male,31,"2126 Rainbow Blvd, Las Vegas, NV",Freelancer,False,False,"$50,000",105
Michael Garcia,Male,39,"1580 Charleston Blvd, Las Vegas, NV",Construction Worker,False,False,None,0
John Smith,Male,24,"8535 Main St, Las Vegas, NV",Freelancer,True,False,"$1,000,000",47
Daniel Jones,Male,55,"157 Elm St, Las Vegas, NV",Consultant,False,True,"$300,000",1
Robert Jones,Male,34,"5425 Main St, Las Vegas, NV",Doctor,False,True,"$50,000",118
Robert Martinez,Male,65,"2624 Elm St, Las Vegas, NV",Lawyer,False,True,"$150,000",23
Laura Martinez,Male,42,"3992 Elm St, Las Vegas, NV",Doctor,True,False,"$1,000,000",56
Robert Johnson,Female,56,"4830 Main St, Las Vegas, NV",Doctor,True,True,"$300,000",0
John Garcia,Female,61,"3768 Fremont St, Las Vegas, NV",Freelancer,True,True,"$50,000",0
Laura Martinez,Male,56,"2038 Elm St, Las Vegas, NV",Retail Manager,True,True,"$300,000",67
Michael Miller,Male,64,"8768 Elm St, Las Vegas, NV",Restaurant Owner,True,False,"$150,000",1
John Miller,Male,40,"784 Main St, Las Vegas, NV",Consultant,False,True,"$300,000",111
Daniel Miller,Male,46,"1341 Charleston Blvd, Las Vegas, NV",Restaurant Owner,True,True,"$50,000",0
Emily Williams,Female,55,"9470 Elm St, Las Vegas, NV",Doctor,False,True,None,0
Laura Martinez,Male,32,"965 Main St, Las Vegas, NV",Construction Worker,False,False,"$50,000",53
Michael Hernandez,Female,63,"9719 Fremont St, Las Vegas, NV",Retail Manager,False,False,"$300,000",0
John Garcia,Female,29,"8437 Elm St, Las Vegas, NV",Construction Worker,False,True,"$300,000",61
Jane Davis,Male,42,"778 Sunset Blvd, Las Vegas, NV",Doctor,False,True,"$300,000",56
David Martinez,Female,34,"8407 Las Vegas Blvd, Las Vegas, NV",Lawyer,True,True,"$50,000",148
Daniel Smith,Female,58,"3223 Elm St, Las Vegas, NV",Restaurant Owner,False,True,"$50,000",136
Sarah Hernandez,Male,21,"2708 Main St, Las Vegas, NV",Freelancer,False,True,"$1,000,000",0
Jane Martinez,Female,27,"7432 Elm St, Las Vegas, NV",Doctor,False,True,"$50,000",143
Robert Davis,Female,35,"502 Sunset Blvd, Las Vegas, NV",Retail Manager,False,True,"$1,000,000",0
Jessica Brown,Female,62,"4687 Main St, Las Vegas, NV",Construction Worker,False,False,None,18
David Hernandez,Female,40,"4187 Las Vegas Blvd, Las Vegas, NV",Restaurant Owner,False,True,"$50,000",116
Laura Brown,Female,22,"2008 Elm St, Las Vegas, NV",Restaurant Owner,True,False,None,0
Daniel Miller,Male,35,"9593 Sunset Blvd, Las Vegas, NV",Retail Manager,True,True,"$150,000",148
Sarah Smith,Female,26,"8996 Sunset Blvd, Las Vegas, NV",Retail Manager,True,True,"$1,000,000",52
Laura Johnson,Female,61,"9420 Fremont St, Las Vegas, NV",Doctor,False,True,"$1,000,000",0
Robert Johnson,Female,24,"6867 Las Vegas Blvd, Las Vegas, NV",Lawyer,False,False,"$1,000,000",90
Emily Martinez,Male,22,"3905 Fremont St, Las Vegas, NV",Freelancer,True,True,"$300,000",0
Michael Williams,Female,53,"1015 Charleston Blvd, Las Vegas, NV",Freelancer,True,True,None,0
Jane Jones,Female,38,"1795 Elm St, Las Vegas, NV",Retail Manager,True,True,"$150,000",46
Daniel Williams,Female,60,"179 Sunset Blvd, Las Vegas, NV",Freelancer,True,False,"$150,000",0
Robert Williams,Female,29,"1619 Main St, Las Vegas, NV",Retail Manager,False,False,"$1,000,000",81
Robert Smith,Male,55,"9745 Elm St, Las Vegas, NV",Restaurant Owner,False,False,"$300,000",0
Jane Martinez,Female,39,"272 Charleston Blvd, Las Vegas, NV",Consultant,False,False,"$1,000,000",0
Daniel Jones,Female,61,"623 Rainbow Blvd, Las Vegas, NV",Consultant,True,False,"$150,000",0
David Davis,Male,47,"1358 Sunset Blvd, Las Vegas, NV",Doctor,True,True,"$1,000,000",75
Jessica Martinez,Female,26,"5163 Charleston Blvd, Las Vegas, NV",Lawyer,True,True,"$150,000",67
John Davis,Female,65,"8097 Rainbow Blvd, Las Vegas, NV",Doctor,False,False,"$300,000",96
Emily Davis,Male,48,"2279 Las Vegas Blvd, Las Vegas, NV",Freelancer,False,False,"$50,000",7
Robert Martinez,Female,30,"3578 Charleston Blvd, Las Vegas, NV",Retail Manager,False,True,"$300,000",56
Jessica Hernandez,Male,49,"1469 Elm St, Las Vegas, NV",Construction Worker,False,True,"$1,000,000",0
Michael Brown,Male,45,"5775 Las Vegas Blvd, Las Vegas, NV",Restaurant Owner,False,False,"$50,000",148
David Johnson,Female,55,"5070 Rainbow Blvd, Las Vegas, NV",Lawyer,False,False,None,29
Robert Davis,Female,65,"8524 Fremont St, Las Vegas, NV",Consultant,True,False,"$150,000",73
Emily Davis,Male,64,"835 Charleston Blvd, Las Vegas, NV",Consultant,False,True,"$50,000",147
Jane Brown,Female,53,"3375 Rainbow Blvd, Las Vegas, NV",Lawyer,True,True,"$50,000",0
Jane Jones,Female,31,"9837 Charleston Blvd, Las Vegas, NV",Construction Worker,True,False,"$50,000",0
Sarah Jones,Female,34,"3481 Charleston Blvd, Las Vegas, NV",Lawyer,False,True,"$1,000,000",0
David Miller,Male,55,"3746 Charleston Blvd, Las Vegas, NV",Restaurant Owner,True,False,"$300,000",41
Jane Davis,Male,38,"2079 Sunset Blvd, Las Vegas, NV",Consultant,False,True,"$1,000,000",0
Jane Miller,Male,56,"4997 Main St, Las Vegas, NV",Consultant,False,True,"$300,000",0
Emily Johnson,Male,63,"5578 Fremont St, Las Vegas, NV",Lawyer,False,False,None,90
Jessica Williams,Female,37,"8190 Elm St, Las Vegas, NV",Doctor,True,False,"$1,000,000",56
Robert Martinez,Female,47,"5766 Fremont St, Las Vegas, NV",Freelancer,False,True,"$50,000",0
Daniel Martinez,Female,37,"5696 Main St, Las Vegas, NV",Restaurant Owner,True,False,"$50,000",60
Emily Davis,Male,60,"9873 Charleston Blvd, Las Vegas, NV",Consultant,True,True,None,66
Michael Miller,Female,37,"7660 Main St, Las Vegas, NV",Consultant,True,True,"$300,000",0
Emily Jones,Female,32,"1663 Las Vegas Blvd, Las Vegas, NV",Lawyer,False,True,"$150,000",0
Daniel Garcia,Female,45,"7195 Charleston Blvd, Las Vegas, NV",Lawyer,True,False,None,74
Jessica Davis,Male,34,"2585 Las Vegas Blvd, Las Vegas, NV",Construction Worker,True,True,"$50,000",102
John Martinez,Male,33,"7072 Elm St, Las Vegas, NV",Construction Worker,False,False,"$300,000",145
Laura Davis,Female,28,"1816 Sunset Blvd, Las Vegas, NV",Doctor,True,True,"$50,000",0
Laura Hernandez,Male,38,"5651 Charleston Blvd, Las Vegas, NV",Construction Worker,False,True,"$300,000",83
Michael Brown,Male,35,"9285 Sunset Blvd, Las Vegas, NV",Construction Worker,True,False,"$150,000",0
Jane Davis,Male,65,"4749 Elm St, Las Vegas, NV",Retail Manager,True,True,"$150,000",67
Laura Brown,Male,43,"9410 Main St, Las Vegas, NV",Freelancer,True,False,"$300,000",86
John Martinez,Female,23,"6956 Rainbow Blvd, Las Vegas, NV",Lawyer,False,True,"$300,000",0
Michael Davis,Female,63,"2288 Main St, Las Vegas, NV",Consultant,False,False,None,55
Jessica Garcia,Female,29,"3531 Rainbow Blvd, Las Vegas, NV",Retail Manager,False,True,"$1,000,000",0
Daniel Johnson,Male,55,"4977 Sunset Blvd, Las Vegas, NV",Construction Worker,False,False,"$50,000",0
Daniel Brown,Female,21,"1117 Las Vegas Blvd, Las Vegas, NV",Doctor,True,True,"$1,000,000",0
Emily Martinez,Male,28,"8006 Las Vegas Blvd, Las Vegas, NV",Retail Manager,True,False,"$300,000",0
David Jones,Female,43,"1001 Sunset Blvd, Las Vegas, NV",Freelancer,False,False,"$150,000",5
David Johnson,Female,22,"5943 Sunset Blvd, Las Vegas, NV",Restaurant Owner,False,True,None,94
David Miller,Male,65,"6248 Rainbow Blvd, Las Vegas, NV",Lawyer,False,True,"$1,000,000",130
Daniel Brown,Female,25,"7196 Fremont St, Las Vegas, NV",Freelancer,True,False,"$50,000",0
Jessica Smith,Male,54,"926 Main St, Las Vegas, NV",Construction Worker,False,False,"$1,000,000",68
John Williams,Female,23,"5042 Sunset Blvd, Las Vegas, NV",Retail Manager,True,True,None,0
Daniel Garcia,Male,65,"3411 Charleston Blvd, Las Vegas, NV",Retail Manager,True,False,"$1,000,000",0
Daniel Smith,Female,37,"1870 Elm St, Las Vegas, NV",Retail Manager,False,True,"$300,000",148
John Brown,Male,41,"170 Rainbow Blvd, Las Vegas, NV",Doctor,False,True,"$150,000",30
Jessica Smith,Male,32,"3277 Main St, Las Vegas, NV",Freelancer,False,False,"$50,000",0
Robert Brown,Male,23,"1623 Rainbow Blvd, Las Vegas, NV",Doctor,True,True,"$50,000",0
Jane Johnson,Female,49,"1864 Sunset Blvd, Las Vegas, NV",Construction Worker,False,True,"$300,000",93
Michael Brown,Male,26,"2330 Charleston Blvd, Las Vegas, NV",Doctor,False,True,"$50,000",86
John Johnson,Male,50,"8630 Fremont St, Las Vegas, NV",Doctor,False,True,"$1,000,000",0
Laura Brown,Male,24,"3313 Charleston Blvd, Las Vegas, NV",Consultant,True,False,"$1,000,000",0
Daniel Davis,Female,21,"3359 Sunset Blvd, Las Vegas, NV",Doctor,True,True,"$50,000",88
John Davis,Male,43,"2303 Charleston Blvd, Las Vegas, NV",Freelancer,True,False,"$50,000",99
Emily Smith,Male,41,"6013 Rainbow Blvd, Las Vegas, NV",Doctor,True,True,"$1,000,000",0
Jane Hernandez,Female,32,"5502 Fremont St, Las Vegas, NV",Restaurant Owner,False,True,"$300,000",0
Michael Hernandez,Female,22,"7518 Las Vegas Blvd, Las Vegas, NV",Lawyer,False,False,"$50,000",101
Emily Hernandez,Male,65,"1977 Rainbow Blvd, Las Vegas, NV",Doctor,True,False,"$300,000",0
David Williams,Female,41,"2888 Main St, Las Vegas, NV",Consultant,True,False,"$150,000",79
Sarah Johnson,Male,47,"7070 Main St, Las Vegas, NV",Retail Manager,False,False,"$1,000,000",6
Michael Johnson,Female,32,"5225 Sunset Blvd, Las Vegas, NV",Doctor,True,True,"$300,000",39
David Jones,Male,56,"9931 Las Vegas Blvd, Las Vegas, NV",Consultant,False,False,"$150,000",150
Laura Garcia,Female,31,"7781 Sunset Blvd, Las Vegas, NV",Construction Worker,True,True,"$150,000",0
Jessica Martinez,Male,35,"9366 Main St, Las Vegas, NV",Doctor,True,False,"$1,000,000",0
Michael Hernandez,Male,50,"1440 Sunset Blvd, Las Vegas, NV",Freelancer,True,False,"$150,000",0
Sarah Jones,Male,45,"9846 Charleston Blvd, Las Vegas, NV",Construction Worker,False,False,"$300,000",0
Robert Garcia,Female,23,"2254 Charleston Blvd, Las Vegas, NV",Restaurant Owner,True,True,"$300,000",146
John Garcia,Female,43,"4165 Main St, Las Vegas, NV",Lawyer,False,True,"$1,000,000",36
John Johnson,Female,62,"7631 Las Vegas Blvd, Las Vegas, NV",Doctor,False,False,"$50,000",3
Emily Johnson,Female,38,"6431 Fremont St, Las Vegas, NV",Construction Worker,True,True,"$300,000",0
Sarah Johnson,Male,34,"1383 Elm St, Las Vegas, NV",Construction Worker,True,True,"$300,000",27
Laura Hernandez,Male,58,"719 Main St, Las Vegas, NV",Restaurant Owner,True,True,"$150,000",0
Robert Johnson,Female,24,"8048 Sunset Blvd, Las Vegas, NV",Restaurant Owner,False,False,"$50,000",100
Jane Davis,Male,62,"7809 Charleston Blvd, Las Vegas, NV",Lawyer,False,False,"$50,000",105
Sarah Jones,Female,35,"3381 Charleston Blvd, Las Vegas, NV",Consultant,False,True,"$150,000",0
Daniel Johnson,Male,57,"1572 Charleston Blvd, Las Vegas, NV",Doctor,False,True,"$50,000",0
Jane Smith,Female,35,"7684 Charleston Blvd, Las Vegas, NV",Restaurant Owner,False,False,None,0
Michael Smith,Female,47,"1025 Sunset Blvd, Las Vegas, NV",Restaurant Owner,False,True,"$50,000",0
Daniel Garcia,Male,41,"9513 Rainbow Blvd, Las Vegas, NV",Lawyer,False,False,None,0
Emily Smith,Male,53,"7155 Main St, Las Vegas, NV",Freelancer,True,True,"$1,000,000",0
Sarah Davis,Female,25,"6337 Main St, Las Vegas, NV",Doctor,True,False,"$50,000",51
Robert Williams,Female,33,"7537 Charleston Blvd, Las Vegas, NV",Retail Manager,False,False,None,108
Robert Garcia,Male,54,"9231 Sunset Blvd, Las Vegas, NV",Consultant,False,True,None,0
Emily Williams,Female,39,"7180 Las Vegas Blvd, Las Vegas, NV",Construction Worker,True,False,"$1,000,000",0
John Hernandez,Male,62,"8594 Las Vegas Blvd, Las Vegas, NV",Doctor,True,False,None,137
Daniel Miller,Female,21,"8194 Elm St, Las Vegas, NV",Freelancer,False,False,"$1,000,000",0
John Hernandez,Female,22,"2911 Elm St, Las Vegas, NV",Doctor,False,True,"$50,000",0
Laura Hernandez,Male,35,"3267 Rainbow Blvd, Las Vegas, NV",Lawyer,True,False,None,0
Sarah Hernandez,Male,27,"762 Fremont St, Las Vegas, NV",Restaurant Owner,True,False,"$50,000",7
David Davis,Female,52,"5306 Sunset Blvd, Las Vegas, NV",Restaurant Owner,False,True,"$50,000",0
Jane Williams,Male,65,"6380 Charleston Blvd, Las Vegas, NV",Doctor,True,False,"$150,000",84
John Brown,Male,50,"774 Las Vegas Blvd, Las Vegas, NV",Restaurant Owner,True,False,None,131
Sarah Brown,Male,31,"737 Fremont St, Las Vegas, NV",Freelancer,True,True,"$50,000",132
Robert Hernandez,Female,46,"1605 Rainbow Blvd, Las Vegas, NV",Construction Worker,False,False,"$50,000",101
Sarah Johnson,Male,42,"440 Las Vegas Blvd, Las Vegas, NV",Lawyer,False,False,"$50,000",39
Laura Davis,Female,64,"576 Elm St, Las Vegas, NV",Consultant,True,False,None,0
Daniel Davis,Male,43,"5104 Rainbow Blvd, Las Vegas, NV",Retail Manager,True,False,"$50,000",0
Jessica Miller,Female,49,"6206 Fremont St, Las Vegas, NV",Construction Worker,True,False,"$150,000",86
Robert Garcia,Male,57,"2054 Las Vegas Blvd, Las Vegas, NV",Construction Worker,False,True,"$1,000,000",0
Laura Hernandez,Male,49,"4224 Las Vegas Blvd, Las Vegas, NV",Consultant,False,False,"$300,000",0
David Smith,Female,63,"4814 Sunset Blvd, Las Vegas, NV",Freelancer,False,False,None,0
Laura Garcia,Female,36,"9319 Charleston Blvd, Las Vegas, NV",Retail Manager,False,False,"$50,000",0
Sarah Jones,Male,55,"1042 Rainbow Blvd, Las Vegas, NV",Construction Worker,True,True,"$150,000",75
Jane Williams,Male,39,"2010 Elm St, Las Vegas, NV",Lawyer,False,True,"$1,000,000",67
Emily Smith,Male,39,"9685 Sunset Blvd, Las Vegas, NV",Freelancer,True,True,"$300,000",0
Robert Hernandez,Female,51,"4015 Elm St, Las Vegas, NV",Retail Manager,True,True,"$300,000",54
David Davis,Female,31,"8259 Elm St, Las Vegas, NV",Restaurant Owner,True,False,"$150,000",122
Jessica Johnson,Male,24,"2983 Sunset Blvd, Las Vegas, NV",Restaurant Owner,True,False,"$50,000",138
Emily Williams,Male,25,"8965 Charleston Blvd, Las Vegas, NV",Consultant,True,False,"$50,000",122
Daniel Jones,Male,36,"4522 Las Vegas Blvd, Las Vegas, NV",Doctor,True,False,"$300,000",0
Sarah Williams,Male,23,"4427 Las Vegas Blvd, Las Vegas, NV",Retail Manager,True,True,"$300,000",0
Jessica Garcia,Male,46,"3357 Main St, Las Vegas, NV",Freelancer,True,False,"$50,000",105
John Williams,Female,42,"9498 Sunset Blvd, Las Vegas, NV",Consultant,True,False,None,145
David Brown,Male,22,"2912 Main St, Las Vegas, NV",Restaurant Owner,False,False,"$1,000,000",0
John Miller,Female,53,"3304 Sunset Blvd, Las Vegas, NV",Construction Worker,False,True,"$150,000",146
John Brown,Female,36,"246 Elm St, Las Vegas, NV",Freelancer,True,True,"$150,000",45
Emily Davis,Female,51,"205 Las Vegas Blvd, Las Vegas, NV",Construction Worker,True,True,"$1,000,000",138
John Johnson,Male,38,"1254 Rainbow Blvd, Las Vegas, NV",Restaurant Owner,True,False,"$50,000",87
Jessica Smith,Male,29,"1103 Las Vegas Blvd, Las Vegas, NV",Retail Manager,False,False,None,0
Michael Williams,Male,46,"7966 Main St, Las Vegas, NV",Construction Worker,False,True,None,0
Sarah Smith,Male,29,"7348 Fremont St, Las Vegas, NV",Retail Manager,True,True,"$1,000,000",0
Michael Davis,Female,34,"4466 Rainbow Blvd, Las Vegas, NV",Doctor,True,False,None,0
Emily Smith,Male,32,"7389 Main St, Las Vegas, NV",Construction Worker,True,True,"$1,000,000",29
Sarah Johnson,Female,60,"3163 Fremont St, Las Vegas, NV",Retail Manager,False,True,None,82
Laura Williams,Male,51,"8491 Main St, Las Vegas, NV",Construction Worker,False,False,"$1,000,000",127
Emily Davis,Male,62,"5759 Charleston Blvd, Las Vegas, NV",Freelancer,True,False,None,143
John Martinez,Male,59,"9316 Charleston Blvd, Las Vegas, NV",Freelancer,False,False,"$50,000",33
Daniel Davis,Male,56,"4218 Sunset Blvd, Las Vegas, NV",Retail Manager,True,True,"$1,000,000",40
David Jones,Female,62,"8286 Charleston Blvd, Las Vegas, NV",Doctor,True,True,"$300,000",0
Daniel Johnson,Female,59,"5000 Charleston Blvd, Las Vegas, NV",Construction Worker,False,False,"$50,000",0
Robert Garcia,Female,50,"9637 Rainbow Blvd, Las Vegas, NV",Freelancer,True,True,"$1,000,000",100
Michael Smith,Female,28,"2551 Fremont St, Las Vegas, NV",Consultant,True,True,"$50,000",126
Jane Smith,Female,25,"9064 Las Vegas Blvd, Las Vegas, NV",Restaurant Owner,False,True,None,99
Daniel Williams,Female,42,"3496 Sunset Blvd, Las Vegas, NV",Lawyer,True,False,"$50,000",16
Jessica Hernandez,Male,60,"1179 Fremont St, Las Vegas, NV",Restaurant Owner,False,False,"$300,000",0
Laura Smith,Male,23,"8527 Sunset Blvd, Las Vegas, NV",Retail Manager,False,True,"$300,000",19
Laura Davis,Male,23,"6629 Main St, Las Vegas, NV",Construction Worker,True,True,"$50,000",145
Emily Miller,Female,25,"2775 Main St, Las Vegas, NV",Freelancer,False,True,"$50,000",74
John Smith,Female,54,"1147 Fremont St, Las Vegas, NV",Lawyer,False,False,"$150,000",17
John Miller,Male,44,"3506 Main St, Las Vegas, NV",Lawyer,False,False,None,51
Robert Smith,Male,49,"5386 Charleston Blvd, Las Vegas, NV",Freelancer,True,False,"$300,000",0
Emily Brown,Female,47,"9382 Fremont St, Las Vegas, NV",Doctor,True,False,"$150,000",0
Michael Johnson,Male,43,"1787 Main St, Las Vegas, NV",Lawyer,True,True,None,0
Sarah Smith,Male,24,"8999 Fremont St, Las Vegas, NV",Consultant,False,False,"$50,000",0
John Garcia,Female,45,"666 Rainbow Blvd, Las Vegas, NV",Consultant,True,False,None,0
Daniel Williams,Male,22,"5359 Las Vegas Blvd, Las Vegas, NV",Consultant,False,True,"$1,000,000",114
Daniel Williams,Male,63,"2388 Rainbow Blvd, Las Vegas, NV",Construction Worker,True,False,"$150,000",140
Michael Williams,Female,29,"3618 Elm St, Las Vegas, NV",Consultant,False,True,"$150,000",0
John Johnson,Female,31,"683 Sunset Blvd, Las Vegas, NV",Construction Worker,False,True,"$1,000,000",35
Daniel Smith,Female,37,"3523 Elm St, Las Vegas, NV",Lawyer,False,True,"$300,000",0
Robert Garcia,Male,52,"9088 Fremont St, Las Vegas, NV",Freelancer,False,False,"$150,000",0
Jane Garcia,Male,27,"8299 Las Vegas Blvd, Las Vegas, NV",Freelancer,False,True,None,0
Robert Martinez,Male,64,"8123 Fremont St, Las Vegas, NV",Lawyer,True,True,"$300,000",0
Emily Brown,Male,31,"7713 Fremont St, Las Vegas, NV",Retail Manager,False,True,"$1,000,000",10
Sarah Brown,Female,28,"164 Las Vegas Blvd, Las Vegas, NV",Lawyer,True,True,"$1,000,000",125
Daniel Jones,Female,63,"9283 Elm St, Las Vegas, NV",Doctor,True,True,"$50,000",31
John Brown,Male,44,"7885 Charleston Blvd, Las Vegas, NV",Construction Worker,False,True,"$1,000,000",0
Robert Williams,Male,33,"2547 Main St, Las Vegas, NV",Retail Manager,True,False,"$300,000",0
Laura Davis,Female,25,"1078 Elm St, Las Vegas, NV",Doctor,False,False,None,66
Robert Williams,Female,56,"6240 Elm St, Las Vegas, NV",Doctor,True,True,"$50,000",127
John Miller,Male,37,"798 Charleston Blvd, Las Vegas, NV",Consultant,False,False,"$150,000",1
Laura Smith,Male,26,"3705 Elm St, Las Vegas, NV",Doctor,True,False,"$1,000,000",92
Sarah Jones,Female,45,"8476 Las Vegas Blvd, Las Vegas, NV",Construction Worker,False,False,None,140
David Smith,Male,26,"146 Rainbow Blvd, Las Vegas, NV",Restaurant Owner,False,False,"$300,000",0
Sarah Garcia,Male,35,"6913 Charleston Blvd, Las Vegas, NV",Lawyer,False,False,"$50,000",58
David Hernandez,Male,51,"2338 Elm St, Las Vegas, NV",Freelancer,True,False,"$50,000",78
Laura Hernandez,Male,25,"9527 Charleston Blvd, Las Vegas, NV",Doctor,True,True,"$50,000",101
David Smith,Male,31,"9643 Las Vegas Blvd, Las Vegas, NV",Retail Manager,False,True,"$300,000",0
Robert Hernandez,Male,25,"869 Sunset Blvd, Las Vegas, NV",Freelancer,True,False,"$150,000",0
John Davis,Male,26,"6387 Fremont St, Las Vegas, NV",Lawyer,True,True,"$150,000",107
Laura Williams,Male,27,"1714 Las Vegas Blvd, Las Vegas, NV",Restaurant Owner,True,False,None,0
Robert Martinez,Female,38,"9855 Fremont St, Las Vegas, NV",Doctor,True,False,"$150,000",0
Robert Smith,Female,51,"3597 Las Vegas Blvd, Las Vegas, NV",Construction Worker,True,False,None,5
Jessica Williams,Male,48,"2861 Main St, Las Vegas, NV",Restaurant Owner,False,False,None,0
Jessica Jones,Male,50,"3094 Rainbow Blvd, Las Vegas, NV",Freelancer,True,True,"$300,000",0
Michael Johnson,Female,62,"827 Las Vegas Blvd, Las Vegas, NV",Lawyer,False,True,"$300,000",70
David Martinez,Male,37,"8509 Elm St, Las Vegas, NV",Consultant,False,True,"$1,000,000",44
Daniel Johnson,Female,27,"7189 Main St, Las Vegas, NV",Freelancer,True,True,"$150,000",131
David Martinez,Male,56,"8572 Main St, Las Vegas, NV",Lawyer,False,False,"$150,000",127
Laura Brown,Male,31,"789 Main St, Las Vegas, NV",Restaurant Owner,True,False,"$1,000,000",0
Sarah Hernandez,Male,60,"8343 Las Vegas Blvd, Las Vegas, NV",Doctor,True,True,"$150,000",2
Jane Miller,Female,22,"2774 Sunset Blvd, Las Vegas, NV",Retail Manager,False,False,"$300,000",91
Emily Garcia,Male,55,"9898 Las Vegas Blvd, Las Vegas, NV",Consultant,False,True,"$1,000,000",0
John Hernandez,Female,58,"1774 Rainbow Blvd, Las Vegas, NV",Retail Manager,True,True,None,21
Laura Williams,Female,42,"6430 Las Vegas Blvd, Las Vegas, NV",Freelancer,False,True,None,0
Laura Johnson,Female,59,"6999 Main St, Las Vegas, NV",Retail Manager,True,True,"$150,000",67
Jane Williams,Male,44,"9137 Fremont St, Las Vegas, NV",Construction Worker,True,False,"$300,000",54
Robert Davis,Female,47,"4166 Sunset Blvd, Las Vegas, NV",Construction Worker,True,False,"$50,000",0
Jane Jones,Female,21,"9613 Elm St, Las Vegas, NV",Lawyer,True,True,None,0
Jane Miller,Female,29,"3716 Elm St, Las Vegas, NV",Doctor,True,True,"$1,000,000",92
Jane Smith,Male,21,"5609 Las Vegas Blvd, Las Vegas, NV",Lawyer,False,True,"$300,000",0
Robert Hernandez,Female,41,"1069 Charleston Blvd, Las Vegas, NV",Freelancer,False,False,"$50,000",0
Robert Brown,Male,64,"8986 Charleston Blvd, Las Vegas, NV",Retail Manager,False,False,"$300,000",0
Michael Williams,Female,21,"4217 Main St, Las Vegas, NV",Restaurant Owner,True,True,"$300,000",0
John Johnson,Female,31,"1872 Rainbow Blvd, Las Vegas, NV",Restaurant Owner,True,True,"$150,000",0
Michael Smith,Male,53,"9780 Elm St, Las Vegas, NV",Restaurant Owner,False,True,"$300,000",0
Sarah Brown,Male,57,"1244 Sunset Blvd, Las Vegas, NV",Doctor,False,True,"$50,000",140
Laura Davis,Male,57,"714 Fremont St, Las Vegas, NV",Retail Manager,False,False,"$150,000",42
Emily Hernandez,Male,41,"3812 Fremont St, Las Vegas, NV",Consultant,True,True,"$150,000",6
John Williams,Male,28,"2091 Charleston Blvd, Las Vegas, NV",Consultant,True,True,"$150,000",0
Emily Hernandez,Male,45,"7422 Las Vegas Blvd, Las Vegas, NV",Retail Manager,False,False,"$150,000",23
Robert Miller,Male,26,"7712 Elm St, Las Vegas, NV",Restaurant Owner,True,True,"$1,000,000",60
Daniel Smith,Male,55,"4294 Las Vegas Blvd, Las Vegas, NV",Lawyer,False,True,"$1,000,000",0
Sarah Hernandez,Male,36,"4661 Sunset Blvd, Las Vegas, NV",Construction Worker,False,False,"$50,000",0
Michael Miller,Male,30,"3304 Las Vegas Blvd, Las Vegas, NV",Consultant,True,False,"$300,000",138
Daniel Garcia,Male,34,"2339 Las Vegas Blvd, Las Vegas, NV",Construction Worker,False,False,"$150,000",22
Robert Hernandez,Female,44,"4612 Main St, Las Vegas, NV",Construction Worker,False,False,"$300,000",0
Jessica Garcia,Male,29,"3751 Sunset Blvd, Las Vegas, NV",Lawyer,True,False,"$50,000",0
Sarah Williams,Female,21,"4311 Rainbow Blvd, Las Vegas, NV",Doctor,False,False,"$300,000",0
Daniel Martinez,Female,63,"8909 Charleston Blvd, Las Vegas, NV",Freelancer,False,True,"$1,000,000",0
Emily Davis,Female,50,"3851 Rainbow Blvd, Las Vegas, NV",Lawyer,True,True,None,135
Jane Miller,Female,47,"8223 Fremont St, Las Vegas, NV",Freelancer,True,True,"$1,000,000",0
Jane Smith,Male,38,"2444 Charleston Blvd, Las Vegas, NV",Doctor,True,True,"$300,000",0
Sarah Smith,Male,60,"3430 Main St, Las Vegas, NV",Consultant,False,True,None,0
Sarah Hernandez,Male,37,"6970 Main St, Las Vegas, NV",Lawyer,False,False,None,0
Jane Davis,Female,23,"1881 Elm St, Las Vegas, NV",Lawyer,False,True,"$50,000",97
Jessica Davis,Female,49,"7451 Sunset Blvd, Las Vegas, NV",Lawyer,False,False,None,0
Michael Garcia,Male,57,"2582 Las Vegas Blvd, Las Vegas, NV",Doctor,True,False,"$300,000",49
Michael Martinez,Male,21,"5937 Sunset Blvd, Las Vegas, NV",Lawyer,False,False,"$1,000,000",64
David Brown,Female,55,"9163 Fremont St, Las Vegas, NV",Retail Manager,True,True,"$50,000",0
Jane Brown,Male,41,"4798 Las Vegas Blvd, Las Vegas, NV",Lawyer,False,False,"$50,000",0
Laura Jones,Female,35,"3772 Elm St, Las Vegas, NV",Doctor,True,True,"$150,000",74
Daniel Smith,Female,59,"9626 Las Vegas Blvd, Las Vegas, NV",Consultant,False,False,"$50,000",126
David Hernandez,Male,36,"6590 Sunset Blvd, Las Vegas, NV",Consultant,False,False,"$1,000,000",0
David Smith,Male,39,"1143 Main St, Las Vegas, NV",Restaurant Owner,False,False,"$50,000",0
Sarah Garcia,Male,57,"8625 Las Vegas Blvd, Las Vegas, NV",Consultant,True,True,"$300,000",47
Sarah Martinez,Female,28,"1314 Rainbow Blvd, Las Vegas, NV",Lawyer,True,False,"$150,000",0
John Brown,Male,28,"9842 Fremont St, Las Vegas, NV",Consultant,False,False,"$50,000",44
Laura Davis,Male,36,"5464 Elm St, Las Vegas, NV",Construction Worker,True,True,"$1,000,000",0
Emily Martinez,Female,42,"2242 Rainbow Blvd, Las Vegas, NV",Freelancer,True,True,"$300,000",52
Robert Davis,Male,49,"713 Main St, Las Vegas, NV",Doctor,True,False,"$150,000",0
Daniel Miller,Female,64,"9361 Main St, Las Vegas, NV",Lawyer,False,True,"$1,000,000",0
Emily Martinez,Female,50,"2492 Rainbow Blvd, Las Vegas, NV",Consultant,True,False,"$150,000",92
Sarah Davis,Female,33,"1730 Main St, Las Vegas, NV",Construction Worker,True,True,"$300,000",0
Sarah Johnson,Male,27,"6104 Sunset Blvd, Las Vegas, NV",Freelancer,True,False,"$300,000",30
Emily Williams,Male,54,"8962 Las Vegas Blvd, Las Vegas, NV",Construction Worker,True,True,"$50,000",68
Emily Jones,Female,38,"1855 Sunset Blvd, Las Vegas, NV",Doctor,True,True,None,0
Sarah Smith,Male,42,"4404 Rainbow Blvd, Las Vegas, NV",Lawyer,False,True,None,0
John Williams,Male,30,"836 Sunset Blvd, Las Vegas, NV",Restaurant Owner,False,True,"$50,000",0
